"league_id","pixel_prod_num","center_number","name","start_date","end_date","lineage_cost","centaman_league_number","day_of_week","cover","gl_account"
"00743219-684E-47E3-BBC0-B65595B6E5E4","","873","5703-Inland Empire Ladies Club","08/26/2018 0:00","02/24/2019 0:00","10","5703","7","4","4115"
"008D3D28-2B3C-46B5-9B79-2D7071A46140","","34","7609-UBA Team Relay","10/27/2018 0:00","12/02/2018 0:00","2.5","9997609","8","1","4140"
"01778D23-D8F3-4D8F-9DD8-EC954C8DDBEC","","64","7704-Capital City Rollers","09/30/2018 0:00","11/04/2018 0:00","14","9997704","8","4","4140"
"01B21E2B-D9D9-4A07-94A9-A402E91ED711","","534","7700-Future Stars Youth Tourna","10/28/2018 0:00","12/02/2018 0:00","15","9997700","8","6","4140"
"027188BD-E28C-4A7C-B944-74FDFAE23C55","","78","7729-Steppe Tournament 11/11/1","10/28/2018 0:00","11/26/2018 0:00","4","9997729","8","1","4140"
"02C986F5-298E-40F5-85DF-EC4BBB503229","","598","7713-TCUSBC SUNDAY TMTS. 08/20","08/06/2017 0:00","03/03/2019 0:00","3","9997713","8","1","4140"
"02FF99FB-D653-481C-B1C0-CB307F9E20C7","","824","7797-CAA Bettering Veterans Li","10/28/2018 0:00","12/09/2018 0:00","6","9997797","8","3","4140"
"031B9467-CE2F-44EE-BA44-6852F69C2F00","","885","5403-Thursday Night Social","10/25/2018 0:00","06/06/2019 0:00","12.25","5403","4","3","4115"
"035686F5-1013-4532-B654-E4CDADD43A14","","883","7766-Lower Delaware USBC Trios","10/28/2018 0:00","12/02/2018 0:00","9","9997766","8","3","4140"
"039732D9-484B-4487-9070-61AD71E2B123","","204","5308-Misty Creek Bowling Club ","10/03/2018 0:00","05/08/2019 0:00","11","5308","3","3","4115"
"04253595-E6EB-40E1-B9E1-569C6857FA47","","881","5302-Good Time Gang","09/19/2018 0:00","05/29/2019 0:00","14.46","5302","3","3","4115"
"04867E00-34C1-44DC-8BBB-11174205C3E8","","852","5504-BRUNSWICK ZONE SENIORS","08/24/2018 0:00","05/24/2019 0:00","9.5","5504","5","3","4130"
"05274BCF-2B0D-4E04-A21D-DC6FE664C204","","342","9400-Family Time Bowling Club","10/25/2018 0:00","01/31/2019 0:00","10","9400","4","3","4115"
"063A936B-B756-4267-9034-F582C000DF37","","223","5105-L8 Night No Tap","10/22/2018 0:00","01/21/2019 0:00","8","5105","1","3","4115"
"074E07EE-275E-4822-A04C-BBB1DEF3439B","","835","5500-Alley Kats","08/24/2018 0:00","05/24/2019 0:00","12.25","5500","5","3","4125"
"07C7C9A4-3ACE-4902-9735-5FD849DDBE2F","","64","5605-UBC ADULTS FALL 2018","08/12/2018 0:00","05/18/2019 0:00","12","5605","6","3","4115"
"07C7D080-F4B3-475F-BDDB-6DCCBA0D270B","","806","5201-Construction A 2018 FALL","08/21/2018 0:00","06/04/2019 0:00","13.8","5201","2","3","4115"
"0833B44D-92E6-4959-92DB-9BDEC2018FA0","","884","9700-Family Time Bowling Club","10/21/2018 0:00","01/06/2019 0:00","10","9700","7","3","4125"
"08AEE06E-A3E2-45BF-9868-141EA0C04C85","","203","7608-State Ramps","09/29/2018 0:00","11/03/2018 0:00","3.75","9997608","8","2","4140"
"0B324312-18BD-437A-9D75-DD4224CA0697","","430","9702-Family Time Bowling Club","10/21/2018 0:00","02/24/2019 0:00","12","9702","7","3","4125"
"0BB1048F-3F4C-4307-B5C7-8DBE0C89C74C","","829","7751-TY TOURNAMENT","10/21/2018 0:00","12/02/2018 0:00","10","9997751","8","4","4140"
"0C3D356F-D51D-4980-BABA-54BACB8BBECF","","523","5203-Heartland Hackers","10/23/2018 0:00","03/19/2019 0:00","10","5203","2","3","4115"
"0CFF03D9-83AC-4952-A342-9471D04ED90F","","834","5601-Noah's Ark Fall 2018","10/20/2018 0:00","03/16/2019 0:00","2.25","5601","6","2","4125"
"0DFC8304-1113-474F-939D-DD90B11921E2","","428","7713-Strikeforce Tournament","10/07/2018 0:00","11/11/2018 0:00","2.75","9997713","8","1","4140"
"0F247AFD-5F50-484B-8485-2B2AB4923E3B","","801","5602-Church of Christ","08/11/2018 0:00","04/06/2019 0:00","7.75","5602","6","3","4115"
"0F9E8735-ADAE-45C4-AEB3-FB89D5AB7E91","","211","5201-Tuesday Seniors Viagra Go","10/23/2018 0:00","04/30/2019 0:00","9.25","5201","2","3","4115"
"11896710-482F-4CD7-9C1D-198464B61AFF","","827","5601-The Strikers","10/20/2018 0:00","02/23/2019 0:00","8","5601","6","3","4125"
"1221A55D-336A-41BC-9CE5-160322DB77D4","","207","5704-United We Stand MBC (Mead","09/02/2018 0:00","12/23/2018 0:00","11","5704","7","3","4115"
"124AEFE3-C781-47B7-8B5A-0AAD865E5BEA","","868","5400-55+ Senior League","08/23/2018 0:00","05/02/2019 0:00","8.34","5400","4","3","4130"
"1258959F-8731-4796-8C4A-1180F169F4BB","","207","5408-Ocala C.O.G.O.P","07/19/2018 0:00","03/14/2019 0:00","11","5408","4","3","4115"
"12CA0E8E-62D2-41A7-8E61-6194B4006E38","","238","5102-Learn to Bowl League","10/08/2018 0:00","12/31/2018 0:00","10","5102","1","3","4115"
"139C9165-82F5-4715-8BB2-FD20D7A243B3","","852","5411-Woodbridge High School GM","11/01/2018 0:00","03/20/2019 0:00","3.2","5411","1","1","4125"
"139C9165-82F5-4715-8BB2-FD20D7A243B3","","852","5411-Woodbridge High School GM","11/01/2018 0:00","03/20/2019 0:00","3.2","5411","2","1","4125"
"139C9165-82F5-4715-8BB2-FD20D7A243B3","","852","5411-Woodbridge High School GM","11/01/2018 0:00","03/20/2019 0:00","3.2","5411","3","1","4125"
"13B108F4-77A7-44D4-BAB2-9366DDF616E7","","353","9301-Lights Out Bowling Club","10/03/2018 0:00","01/02/2019 0:00","11","9301","3","3","4115"
"13D712A9-3B38-496E-8BB6-EC0DCD3A52E1","","65","7625-Queen Bee Oct. 2018","09/22/2018 0:00","11/18/2018 0:00","9.4","9997625","8","3","4140"
"13DFDCC1-E633-4E97-A6E9-842A34FADB23","","854","9302-Gr8er Times Bowling Club ","09/05/2018 0:00","11/21/2018 0:00","9","9302","3","3","4115"
"14A47094-5A39-4A65-B15A-10246702AE56","","886","5200-Tuesday Night Mixed","08/21/2018 0:00","06/11/2019 0:00","12","5200","2","3","4115"
"151EC0DE-A9C2-42E0-8F84-B2CA083A153F","","311","5201-Hits n Misses 2018","08/14/2018 0:00","05/21/2019 0:00","13","5201","2","3","4115"
"152C091A-0930-4347-8EDE-9921E58E8D3E","","374","7608-BVL","10/20/2018 0:00","11/24/2018 0:00","9","9997608","8","3","4140"
"152CA2ED-8058-486B-A12F-0B075D9078A9","","394","7604-Chris Charron Bowling Tou","10/20/2018 0:00","12/01/2018 0:00","9","9997604","8","3","4140"
"15CE334A-E553-42E0-9BFA-FA61258EE94C","","836","5300-Au$tell MegaCa$h","08/01/2018 0:00","05/08/2019 0:00","8","5300","3","3","4115"
"1639EE52-E569-42A4-8685-5DF44019B1D8","","864","7302-Special Olympics Tourname","10/24/2018 0:00","12/08/2018 0:00","2.5","9997302","8","1","4140"
"173E7271-A59E-48D2-89DD-CC495A77339F","","865","7677-Arizona Bowlerettes","10/27/2018 0:00","12/01/2018 0:00","3.5","9997677","8","3","4140"
"196EDD35-49DE-4C23-AA76-1EB7CAE86D9C","","398","5401-Terribly Mixed Fall 2018-","08/23/2018 0:00","05/23/2019 0:00","13.7","5401","4","3","4115"
"197A5422-B37D-45E9-BA40-F4C9E2C8D3B6","","402","7712-FL State Senior Womens Si","10/21/2018 0:00","11/25/2018 0:00","8","9997712","8","3","4140"
"1A2A7409-4172-4A7D-BD06-D39AD1689599","","270","5100-10x10 Mixed League","09/03/2018 0:00","01/21/2019 0:00","10","5100","1","3","4115"
"1A86FF62-6FA2-4260-9751-ADC0616C744A","","207","5304-Oak Run and Friends","08/22/2018 0:00","04/17/2019 0:00","11","5304","3","3","4130"
"1B6ECAEC-3D9F-47C6-A858-A4E66642EBA7","","836","5201-LUCKY STRIKERS","07/31/2018 0:00","05/14/2019 0:00","11.7","5201","2","3","4115"
"1C3196FC-E745-485A-ADC0-0AB036666FB1","","887","5304-WEDNESDAY NIGHT MEN","08/15/2018 0:00","05/29/2019 0:00","12.1","5304","3","3","4115"
"1D3233C9-D75D-4456-AF48-38F2BB49BD4C","","801","5203-Life University","10/11/2018 0:00","01/24/2019 0:00","5","5203","4","3","4115"
"1DF47EF5-96BD-44F1-8506-42F7221AE38A","","815","5300-Merchants Z/Northwest Sub","08/22/2018 0:00","04/03/2019 0:00","10","5300","3","3","4115"
"1F3E4D45-EBFF-42C0-8155-2E42085F661F","","829","5206-Overland 3A Miller","10/23/2018 0:00","12/18/2018 0:00","5","5206","1","2","4125"
"1F3E4D45-EBFF-42C0-8155-2E42085F661F","","829","5206-Overland 3A Miller","10/23/2018 0:00","12/18/2018 0:00","5","5206","2","2","4125"
"1F3E4D45-EBFF-42C0-8155-2E42085F661F","","829","5206-Overland 3A Miller","10/23/2018 0:00","12/18/2018 0:00","5","5206","3","2","4125"
"1F3E4D45-EBFF-42C0-8155-2E42085F661F","","829","5206-Overland 3A Miller","10/23/2018 0:00","12/18/2018 0:00","5","5206","4","2","4125"
"1F3E4D45-EBFF-42C0-8155-2E42085F661F","","829","5206-Overland 3A Miller","10/23/2018 0:00","12/18/2018 0:00","5","5206","5","2","4125"
"1F84833D-4D9C-44B4-A647-45B0852E35D2","","65","5306-Pins and Pitchers","09/10/2018 0:00","12/31/2018 0:00","9.35","5306","1","3","4115"
"200F0FF4-B9B5-4951-90EB-4BA379AED106","","819","7741-Twin Cities Challenge","10/28/2018 0:00","12/09/2018 0:00","0.01","9997741","8","4","4140"
"209A4EF0-6960-4BF9-B390-66AE2AF13E7D","","287","5101-Fairport HS 2018/19","10/22/2018 0:00","02/28/2019 0:00","1.95","5101","1","1","4115"
"209A4EF0-6960-4BF9-B390-66AE2AF13E7D","","287","5101-Fairport HS 2018/19","10/22/2018 0:00","02/28/2019 0:00","1.95","5101","2","1","4115"
"209A4EF0-6960-4BF9-B390-66AE2AF13E7D","","287","5101-Fairport HS 2018/19","10/22/2018 0:00","02/28/2019 0:00","1.95","5101","3","1","4115"
"209A4EF0-6960-4BF9-B390-66AE2AF13E7D","","287","5101-Fairport HS 2018/19","10/22/2018 0:00","02/28/2019 0:00","1.95","5101","4","1","4115"
"20E78401-BD61-453E-8C77-6C12A84FFF23","","852","5111-Bishop Ahr High School GM","10/29/2018 0:00","04/12/2019 0:00","3.2","5111","1","1","4125"
"20E78401-BD61-453E-8C77-6C12A84FFF23","","852","5111-Bishop Ahr High School GM","10/29/2018 0:00","04/12/2019 0:00","3.2","5111","2","1","4125"
"20E78401-BD61-453E-8C77-6C12A84FFF23","","852","5111-Bishop Ahr High School GM","10/29/2018 0:00","04/12/2019 0:00","3.2","5111","3","1","4125"
"20E78401-BD61-453E-8C77-6C12A84FFF23","","852","5111-Bishop Ahr High School GM","10/29/2018 0:00","04/12/2019 0:00","3.2","5111","4","1","4125"
"20E78401-BD61-453E-8C77-6C12A84FFF23","","852","5111-Bishop Ahr High School GM","10/29/2018 0:00","04/12/2019 0:00","3.2","5111","5","1","4125"
"2129D4C1-B6E8-4689-B0C1-6480E5215538","","847","5309-Alpine Seniors","08/22/2018 0:00","05/15/2019 0:00","9.75","5309","3","3","4130"
"217E5406-7F7E-47AA-8111-7B49DC4132EE","","844","5103-ALL STAR VARSITY YOUTH LE","08/11/2018 0:00","06/01/2019 0:00","10","5103","6","3","4125"
"21DD48CA-4446-46BB-BE1A-0CA8CF0F4875","","855","5303-The Villagers","09/12/2018 0:00","11/28/2018 0:00","5","5303","3","3","4130"
"2204645C-060F-430C-A97B-17EB4CFC9456","","886","7691-Interstate TravLg 11-10-1","10/27/2018 0:00","12/01/2018 0:00","10","9997691","8","4","4140"
"221DDAF1-2C22-48A5-BFD9-5486E7B2DF3C","","89","5602-Mansfield ISD Allstars II","10/27/2018 0:00","02/09/2019 0:00","5","5602","6","3","4125"
"23DB0969-09B5-495D-B4FC-8E8FA90315C1","","415","5405-High School Match","10/18/2018 0:00","03/13/2019 0:00","1.75","5405","1","1","4125"
"23DB0969-09B5-495D-B4FC-8E8FA90315C1","","415","5405-High School Match","10/18/2018 0:00","03/13/2019 0:00","1.75","5405","2","1","4125"
"23DB0969-09B5-495D-B4FC-8E8FA90315C1","","415","5405-High School Match","10/18/2018 0:00","03/13/2019 0:00","1.75","5405","3","1","4125"
"23DB0969-09B5-495D-B4FC-8E8FA90315C1","","415","5405-High School Match","10/18/2018 0:00","03/13/2019 0:00","1.75","5405","4","1","4125"
"23DB0969-09B5-495D-B4FC-8E8FA90315C1","","415","5405-High School Match","10/18/2018 0:00","03/13/2019 0:00","1.75","5405","5","1","4125"
"2432FB56-7F09-4577-9EB2-3920188C2616","","833","7747-Rky Mtn Sr. Tourn","10/21/2018 0:00","11/25/2018 0:00","2.25","9997747","8","1","4140"
"243638BC-33E0-49E3-8A16-B37A7CAA5442","","815","9600-High 5 Jersey League","10/27/2018 0:00","01/26/2019 0:00","15","9600","6","3","4125"
"24611C51-D947-4FEB-B212-1389478C9D65","","852","9501-High 5 Jersey League","11/23/2018 0:00","02/22/2019 0:00","15","9501","5","3","4125"
"2466D048-C13D-47A7-87AD-74F0EB94A02A","","242","5203-Oyster Bay High School","10/30/2018 0:00","02/05/2019 0:00","3.75","5203","2","1","4115"
"2466D048-C13D-47A7-87AD-74F0EB94A02A","","242","5203-Oyster Bay High School","10/30/2018 0:00","02/05/2019 0:00","3.75","5203","3","1","4115"
"249502B6-0CED-42BE-8E66-E361FD64752E","","516","7303-Senior Travel","09/12/2018 0:00","03/27/2019 0:00","7.5","9997303","8","3","4140"
"24E8E222-82F0-47C4-880F-50645B06CFDB","","836","5100-HIT THE JACKPOT","08/27/2018 0:00","12/31/2018 0:00","7","5100","1","3","4115"
"26D650B4-C64D-44B6-ABC8-AB92ADB44DA7","","513","5401-Cocktail","08/23/2018 0:00","04/11/2019 0:00","12","5401","4","3","4115"
"2710E9E7-8A07-4B9C-883B-35D5C888F3AA","","844","5307-PLEASANT MANOR","08/15/2018 0:00","04/17/2019 0:00","12.25","5307","3","3","4115"
"278FCE0A-7970-4627-8ECD-516AC91FD64E","","207","5703-Sunday Friends","09/30/2018 0:00","05/12/2019 0:00","10","5703","7","3","4115"
"2804FB59-2ED4-4DED-B420-790883B7FDEB","","291","5702-Vegas League 2018-2019","08/26/2018 0:00","05/05/2019 0:00","10","5702","7","3","4115"
"284EA998-20F7-4216-9CF7-2DD18E3E26B9","","206","5103-Lake Waldena 2018-19","10/22/2018 0:00","04/15/2019 0:00","10.5","5103","1","3","4130"
"290059D3-B8D6-418A-845B-F067B43D92ED","","512","5304-Superstars 2018-2019","09/26/2018 0:00","10/31/2018 0:00","6.25","5304","3","2","4115"
"29433DB5-7809-45FE-99A5-7A8C82E41855","","340","9600-Emoji Bowling Club","10/27/2018 0:00","02/09/2019 0:00","20","9600","6","3","4125"
"2A00B9C8-55A0-4036-A62E-6CDACF563094","","430","7622-ABT Nov. 2018","10/20/2018 0:00","11/18/2018 0:00","2.45","9997622","8","1","4140"
"2AB9CA89-7B80-4A44-B7F3-6005F2A68CD2","","852","5113-Monroe High School GMC","10/29/2018 0:00","04/12/2019 0:00","3.2","5113","1","1","4125"
"2AB9CA89-7B80-4A44-B7F3-6005F2A68CD2","","852","5113-Monroe High School GMC","10/29/2018 0:00","04/12/2019 0:00","3.2","5113","2","1","4125"
"2AB9CA89-7B80-4A44-B7F3-6005F2A68CD2","","852","5113-Monroe High School GMC","10/29/2018 0:00","04/12/2019 0:00","3.2","5113","3","1","4125"
"2AB9CA89-7B80-4A44-B7F3-6005F2A68CD2","","852","5113-Monroe High School GMC","10/29/2018 0:00","04/12/2019 0:00","3.2","5113","4","1","4125"
"2AB9CA89-7B80-4A44-B7F3-6005F2A68CD2","","852","5113-Monroe High School GMC","10/29/2018 0:00","04/12/2019 0:00","3.2","5113","5","1","4125"
"2B5493F8-E49C-41E3-9DD2-A23E89DD8689","","855","7746-SJ USBC Youth No Tap Tour","10/21/2018 0:00","11/25/2018 0:00","9","9997746","8","3","4140"
"2BE2B093-D0D1-41E1-9EBA-D0FB7A7F6305","","291","5300-Annunciation 2018-2019","08/22/2018 0:00","04/17/2019 0:00","10.5","5300","3","3","4115"
"2C031D6B-54A4-4FEA-A016-0165295367B3","","312","5239-Tropical Breeze","10/30/2018 0:00","04/16/2019 0:00","9.5","5239","2","3","4130"
"2C4C086B-8666-4CFF-8468-369C472F68BF","","384","5401-Citrus Gardens","11/01/2018 0:00","03/28/2019 0:00","8.2","5401","4","3","4130"
"2C776CC2-A1CD-40EF-8523-CECCFD8BCD51","","608","7617-Silver Fox Nov 18","10/27/2018 0:00","12/01/2018 0:00","12","9997617","8","3","4140"
"2CA744FB-FF44-4D04-8063-60010CBA6E6E","","833","5404-MA BELL","08/23/2018 0:00","05/09/2019 0:00","12.55","5404","4","3","4115"
"2CDC1A15-9DB3-4A04-91DD-0A46B62985D1","","873","5601-Bantam Buddies","08/25/2018 0:00","01/05/2019 0:00","5.65","5601","6","2","4125"
"2D945958-76E3-41BE-AC4D-B16910B2FB37","","852","5408-Piscataway High School GM","11/01/2018 0:00","03/20/2019 0:00","3.2","5408","1","1","4125"
"2D945958-76E3-41BE-AC4D-B16910B2FB37","","852","5408-Piscataway High School GM","11/01/2018 0:00","03/20/2019 0:00","3.2","5408","2","1","4125"
"2D945958-76E3-41BE-AC4D-B16910B2FB37","","852","5408-Piscataway High School GM","11/01/2018 0:00","03/20/2019 0:00","3.2","5408","3","1","4125"
"2E32CC6A-7C60-40E8-A8AE-8C59AC771F80","","403","5500-Woodbrook Fall 18-19","10/26/2018 0:00","04/05/2019 0:00","8","5500","5","3","4130"
"2E42EB12-EF6C-49FC-A599-B26A1E71AEFC","","834","5603-Roswell Varsity Fall 2018","08/25/2018 0:00","05/11/2019 0:00","8","5603","6","3","4125"
"2F118B39-A71B-41F8-B5E6-F889A56C8AFA","","401","7618-milestone community","10/27/2018 0:00","12/01/2018 0:00","6","9997618","8","3","4140"
"2F559A93-0880-4A24-BBDF-374B60AB2E78","","873","5602-Saturday Risin'","09/01/2018 0:00","05/04/2019 0:00","10","5602","6","3","4115"
"2F84C6A8-38B7-4BE5-8E9F-32ED273C59E9","","65","5300-Triangle Rainbow 18/19","08/29/2018 0:00","04/24/2019 0:00","13","5300","3","3","4115"
"2FF2EB6D-CEAB-4274-9CD8-91CD94F13175","","874","5301-WICKED WAHINIS","08/22/2018 0:00","05/29/2019 0:00","10","5301","3","3","4130"
"3050E819-F576-4F25-858E-1D6E30E3E175","","883","5302-WEDNESDAY FUN TIME","08/22/2018 0:00","04/17/2019 0:00","12.75","5302","3","3","4115"
"31401A57-F2EB-4E4F-9DF8-42099D7CB847","","852","5402-Piscataway Chiefs","10/25/2018 0:00","03/14/2019 0:00","8","5402","4","3","4125"
"31AA0E19-F6AB-4518-A855-36E44EAFA277","","358","7630-ABT October 13th &14th","09/29/2018 0:00","11/04/2018 0:00","2.45","9997630","8","1","4140"
"31CE2ED7-51B9-4218-9F8D-0BC0F21DAA8B","","883","5401-MODERN MATURITY CENTER","08/16/2018 0:00","04/04/2019 0:00","9","5401","4","3","4130"
"32C3C06C-8990-40FE-BC91-55490F7F6862","","852","5606-New Jersey Hawks","10/20/2018 0:00","04/27/2019 0:00","8","5606","6","3","4125"
"3322B642-177B-41DF-A93B-40A03F3A40EF","","844","5105-Rolling Meadows HS Girls","10/29/2018 0:00","03/04/2019 0:00","1.5","5105","1","3","4115"
"3322B642-177B-41DF-A93B-40A03F3A40EF","","844","5105-Rolling Meadows HS Girls","10/29/2018 0:00","03/04/2019 0:00","1.5","5105","2","3","4115"
"3322B642-177B-41DF-A93B-40A03F3A40EF","","844","5105-Rolling Meadows HS Girls","10/29/2018 0:00","03/04/2019 0:00","1.5","5105","3","3","4115"
"3322B642-177B-41DF-A93B-40A03F3A40EF","","844","5105-Rolling Meadows HS Girls","10/29/2018 0:00","03/04/2019 0:00","1.5","5105","4","3","4115"
"3322B642-177B-41DF-A93B-40A03F3A40EF","","844","5105-Rolling Meadows HS Girls","10/29/2018 0:00","03/04/2019 0:00","1.5","5105","5","3","4115"
"33D406E4-40EB-45CC-B63F-86AD9EBED6D2","","295","7401-Thanksgiving Turkey Shoot","09/27/2018 0:00","01/17/2019 0:00","10","9997401","8","3","4140"
"33EDBCBC-EEAD-4632-9AC7-7163284A0184","","801","7684-SE Regional Tournament (C","10/20/2018 0:00","11/18/2018 0:00","10.5","9997684","8","3","4140"
"3477FF95-E100-4F0A-9BF1-7F808A4DC881","","513","7615-NEBA","10/20/2018 0:00","12/01/2018 0:00","2","9997615","8","1","4140"
"34F9993D-3438-4253-87E8-D4EFDDB58F11","","889","5202-TUES. HDCP.","08/14/2018 0:00","05/21/2019 0:00","15.25","5202","2","3","4115"
"35201F32-0DE6-4B54-B4A0-ACED39057651","","857","5302-WEDNESDAY NIGHT QUAD","08/15/2018 0:00","05/15/2019 0:00","11.75","5302","3","3","4115"
"35663846-0176-48C9-B279-CED61A78A953","","373","9500-Lights Out Bowling Club","10/05/2018 0:00","12/28/2018 0:00","12","9500","5","3","4115"
"358931AB-0286-490F-B9C1-C85FD00A4C02","","844","5305-Ann's Angels","08/22/2018 0:00","05/01/2019 0:00","13.15","5305","3","3","4115"
"359E6F9C-FE35-495A-9A6D-9A84960431D4","","852","5409-Edison High School GMC","11/01/2018 0:00","03/20/2019 0:00","3.2","5409","1","1","4125"
"359E6F9C-FE35-495A-9A6D-9A84960431D4","","852","5409-Edison High School GMC","11/01/2018 0:00","03/20/2019 0:00","3.2","5409","2","1","4125"
"359E6F9C-FE35-495A-9A6D-9A84960431D4","","852","5409-Edison High School GMC","11/01/2018 0:00","03/20/2019 0:00","3.2","5409","3","1","4125"
"359E6F9C-FE35-495A-9A6D-9A84960431D4","","852","5409-Edison High School GMC","11/01/2018 0:00","03/20/2019 0:00","3.2","5409","4","1","4125"
"359E6F9C-FE35-495A-9A6D-9A84960431D4","","852","5409-Edison High School GMC","11/01/2018 0:00","03/20/2019 0:00","3.2","5409","5","1","4125"
"36238473-A3E1-4C42-9BAD-99CBBD342553","","203","5504-Westwinds","10/19/2018 0:00","03/15/2019 0:00","11.5","5504","5","3","4130"
"368E8E86-2BD8-4AD9-8A85-CA00F054CA4B","","231","5103-Mens Industrial Trio 2018","08/13/2018 0:00","05/06/2019 0:00","5.75","5103","1","3","4115"
"36A46D66-32DD-4929-9D7A-7FB22D357CAF","","396","7709-BOGH Tournament","10/21/2018 0:00","12/16/2018 0:00","9","9997709","8","3","4140"
"372E040E-C609-4D77-80CB-3E48267AB44F","","801","7736-Youth Tournament","10/28/2018 0:00","12/02/2018 0:00","2","9997736","8","1","4140"
"37558D51-68B8-4E70-8D19-A9A085BDFC2A","","238","5503-Special Needs Circle of F","09/28/2018 0:00","01/04/2019 0:00","6","5503","5","2","4125"
"37BBC7D7-264B-467C-A52F-E2D3C8000470","","835","5703-Ball-Mac (Lousy)","09/23/2018 0:00","01/06/2019 0:00","12.25","5703","7","3","4115"
"38E0EEAF-46A4-49E8-A2A2-51E0A7D57E4F","","852","5407-South River High School G","10/30/2018 0:00","03/18/2019 0:00","3.2","5407","1","1","4125"
"38E0EEAF-46A4-49E8-A2A2-51E0A7D57E4F","","852","5407-South River High School G","10/30/2018 0:00","03/18/2019 0:00","3.2","5407","2","1","4125"
"38E0EEAF-46A4-49E8-A2A2-51E0A7D57E4F","","852","5407-South River High School G","10/30/2018 0:00","03/18/2019 0:00","3.2","5407","3","1","4125"
"390612D5-78D1-4A94-AEEB-1E2D71EEA499","","883","5201-TUESDAY MORNING STARS","08/07/2018 0:00","05/07/2019 0:00","10.5","5201","2","3","4115"
"39CF760F-DC45-420F-8E46-1F2DF7E2DB45","","384","5202-Sunlife AM","10/23/2018 0:00","04/02/2019 0:00","7.5","5202","2","3","4130"
"3A2FD361-A208-451D-ADDB-6E95A0E600FC","","183","5100-JR/Adult Scholarship","09/03/2018 0:00","01/28/2019 0:00","9","5100","1","3","4125"
"3AAC4251-0445-412A-AFF5-9E72F64BA12A","","873","3501-CHRISTMAS CLUB","12/22/2017 0:00","11/30/2018 0:00","8.5","3501","5","3","4115"
"3AC6FA7D-243C-4E8B-9187-0535DC915774","","64","5604-PLAZA MEN 2018","08/25/2018 0:00","05/25/2019 0:00","12","5604","6","3","4115"
"3ACAC388-BE39-4B16-B203-3B3A59460DDC","","211","5307-St. Louise Men's League","10/24/2018 0:00","04/03/2019 0:00","11.25","5307","3","3","4115"
"3B3AF670-5EB2-4011-8663-2DAD7339B71E","","830","5602-SATURDAY MAJORS","08/25/2018 0:00","04/27/2019 0:00","9","5602","6","3","4125"
"3B511958-FB6E-4CA6-9207-0A65AF3DD85E","","517","5302-THW Construction Doubles ","10/03/2018 0:00","04/24/2019 0:00","9.95","5302","3","3","4115"
"3BA5EC04-D0EC-43F8-AC32-77EF07EF86CB","","535","7615-U.B.A. Tournament","10/20/2018 0:00","11/25/2018 0:00","11.25","9997615","8","3","4140"
"3BD42E0E-BDA4-46C1-B19C-BE3C09C5371C","","884","5303-City Of Coconut Creek","08/08/2018 0:00","12/19/2018 0:00","10","5303","3","3","4115"
"3D9FA4B5-6157-4C85-8E35-FB493855E74F","","203","5300-Cortez Deep Sea Fishing W","08/22/2018 0:00","04/17/2019 0:00","11.5","5300","3","3","4115"
"3DFB3D54-139A-4492-BA6D-38EEEFA601C5","","530","5300-Stromie's Memorial/Columb","08/15/2018 0:00","05/01/2019 0:00","12.5","5300","3","3","4115"
"3EC00CA4-A35C-4A9E-B378-33905BCF5B92","","248","9301-Gr8er Times Bowling Club ","10/31/2018 0:00","02/06/2019 0:00","10","9301","3","3","4115"
"3F3C513B-B8BD-4631-9FD7-94E932B72288","","573","9103-High 5 Jersey League","10/29/2018 0:00","01/28/2019 0:00","15","9103","1","3","4115"
"3F9A84B9-ACE1-45CF-A6FC-D1513ABCF749","","564","7724-JUNIOR HALL OF FAME","10/28/2018 0:00","12/02/2018 0:00","2","9997724","8","1","4140"
"411B2F8F-AB11-4178-894F-BA04025268DA","","349","5300-Early Risers Fall 2018","08/22/2018 0:00","05/22/2019 0:00","9.25","5300","3","3","4130"
"428063D0-4F2E-42F7-8153-5D239F21B4D9","","883","5700-SUNDAY 10X3","07/29/2018 0:00","04/21/2019 0:00","10","5700","7","3","4115"
"428EB9D3-75EA-4E23-B262-9E9BD9347D8D","","77","7704-ToughShots Tour","10/28/2018 0:00","12/02/2018 0:00","2","9997704","8","3","4140"
"4293F152-EB9E-4AA2-A117-A3CF768376F9","","833","7152-Break the Bank","04/24/2017 0:00","11/14/2018 0:00","1","9997152","8","1","4140"
"42964613-205A-48E0-B161-563362A8E673","","207","5305-Wednesday Night Mixed","08/15/2018 0:00","04/24/2019 0:00","12.75","5305","3","3","4115"
"429E55A5-7CCF-456B-8F29-95A6AF6B7D05","","883","5300-WEDNESDAY SUNSHINE","08/08/2018 0:00","04/17/2019 0:00","8.75","5300","3","3","4130"
"42B1A56B-E917-431A-8301-F256D6B5A6C6","","403","5404-Goodlife Fall 18-19","10/25/2018 0:00","04/11/2019 0:00","9","5404","4","3","4130"
"439B549F-5F62-4771-968F-1ACC3AA2DFED","","885","5300-A1A CONDOS","10/24/2018 0:00","06/12/2019 0:00","8.5","5300","3","3","4130"
"43DE4E7D-2A95-4FFD-AD0C-F6FD50A72962","","430","5700-Sunday Nite Mixed","08/26/2018 0:00","12/30/2018 0:00","12.5","5700","7","3","4115"
"44048AF8-0AC9-434C-9F85-1982FB8608CB","","883","5103-NOBLES POND","09/03/2018 0:00","04/08/2019 0:00","8","5103","1","3","4130"
"44311AE8-69F1-42AD-9AF7-4DBD5F0A2270","","138","5200-Spotters Fall 2018","08/21/2018 0:00","05/07/2019 0:00","13.5","5200","2","3","4115"
"4495E471-EF1B-4960-AC30-44844FF08B83","","615","5302-Silver & Gold Fall 2018","08/22/2018 0:00","04/24/2019 0:00","10.75","5302","3","3","4130"
"44B6ADD2-AC31-42B6-9228-0ACF0473A96D","","504","7730-Youth State Singles Tourn","10/21/2018 0:00","11/25/2018 0:00","2.5","9997730","8","1","4140"
"44D1F61D-E82F-4A89-8E0A-C3C4D6D95A88","","349","5402-SHA","08/09/2018 0:00","05/15/2019 0:00","8","5402","3","3","4115"
"45DBA040-243D-447F-BB3B-7845F56628CF","","230","6303-Dynamic Duos Wed","05/16/2018 0:00","11/07/2018 0:00","7.25","6303","3","3","4130"
"46048A44-52E8-4D12-A07D-82583AC6F176","","894","9300-High School Get Your Gear","10/24/2018 0:00","02/06/2019 0:00","16","9300","3","3","4125"
"469B3746-D46D-49B2-9F9C-B65CA97D52A1","","639","9400-Lights Out Bowling Club","10/25/2018 0:00","01/10/2019 0:00","12","9400","4","3","4115"
"46A111C2-5F91-436C-8719-F88A25C22E1C","","297","7702-doubles tournament","09/30/2018 0:00","02/10/2019 0:00","5","9997702","8","3","4140"
"47E53AC5-A6FB-44E3-A03D-335E20BF4115","","223","5303-American Legion Post 610","08/22/2018 0:00","04/17/2019 0:00","8","5303","3","3","4115"
"481CDD31-E05D-4809-B50E-2FBB4FD6047F","","291","5104-Kiss My Average! Fall 201","08/27/2018 0:00","04/08/2019 0:00","10","5104","1","3","4115"
"482D2E45-CB7E-4868-A76C-BFDF1C5A28A0","","886","9101-High 5 Jersey League","10/22/2018 0:00","02/04/2019 0:00","15","9101","1","3","4115"
"48F408E7-1427-4EED-AC4E-E896716C436E","","220","5107-Cheek Central","10/22/2018 0:00","02/21/2019 0:00","6","5107","1","3","4125"
"48F408E7-1427-4EED-AC4E-E896716C436E","","220","5107-Cheek Central","10/22/2018 0:00","02/21/2019 0:00","6","5107","2","3","4125"
"48F408E7-1427-4EED-AC4E-E896716C436E","","220","5107-Cheek Central","10/22/2018 0:00","02/21/2019 0:00","6","5107","3","3","4125"
"48F408E7-1427-4EED-AC4E-E896716C436E","","220","5107-Cheek Central","10/22/2018 0:00","02/21/2019 0:00","6","5107","4","3","4125"
"494B3335-AE11-43B5-A501-254327737FB3","","203","5101-Pescara Lakes","10/29/2018 0:00","04/08/2019 0:00","11.5","5101","1","3","4130"
"4ACD9214-B587-46CE-844C-C6C6E67D3E53","","396","5303-Mid Week Crisis Fall 2018","08/22/2018 0:00","12/26/2018 0:00","9","5303","3","3","4115"
"4AD87F3A-6F79-45A0-A5D9-A3AC473F8F06","","58","5302-Wednesday Night Mixed 201","08/22/2018 0:00","04/24/2019 0:00","11.65","5302","3","3","4115"
"4B109306-6436-43E7-8775-5B72E7DED3AF","","522","7604-Dematic Corp.","10/20/2018 0:00","03/16/2019 0:00","8","9997604","8","3","4140"
"4B3E0F9F-FEA1-42CE-9BE0-98E03FBE47D7","","304","9302-Gr8 Times Bowling Club","09/26/2018 0:00","12/19/2018 0:00","9","9302","3","3","4115"
"4BF2B80B-BBCB-4E5A-B6CD-4608252D68B3","","203","5506-MVP Sports and Social","10/26/2018 0:00","01/18/2019 0:00","9","5506","5","3","4115"
"4C13B07C-445B-4227-8773-9AD9C739952F","","873","5200-LAUGHLIN RIVER GAMBLERS","08/14/2018 0:00","05/21/2019 0:00","13.65","5200","2","3","4115"
"4C40707A-5237-4E05-80C3-DDD90EF262CC","","212","7605-Polish Falcons","10/20/2018 0:00","11/24/2018 0:00","7.5","9997605","8","3","4140"
"4CA22FF3-C8FE-486D-AA72-4D64B86DC017","","850","7679-Special Olympics","10/20/2018 0:00","12/01/2018 0:00","2","9997679","8","2","4140"
"4D4CD398-013C-4B9D-80EC-BC03333A8032","","598","9300-Lights Out Bowling Club I","09/19/2018 0:00","12/05/2018 0:00","12","9300","3","3","4115"
"4DA8E58A-740A-47E9-9718-7100F2D3B812","","546","7612-QC Strikers","09/22/2018 0:00","11/03/2018 0:00","2.75","9997612","8","1","4140"
"4DCDBFE4-B1FF-4F1F-A950-2531A19156DD","","840","7682-Deer Park Jr Gold Qualifi","10/20/2018 0:00","03/17/2019 0:00","13","9997682","8","5","4140"
"4EDE2376-B1E4-4D42-9F62-C13F37FEE3ED","","256","5701-Weekend Rollers","08/26/2018 0:00","06/16/2019 0:00","11.25","5701","7","3","4115"
"4EF9BBBB-E6FF-4494-89A0-AAC59791C1F9","","827","9305-Gr8er Times Bowling Club ","10/24/2018 0:00","01/30/2019 0:00","11","9305","3","3","4115"
"4FE5F6BD-D5E2-429C-AE03-FECEB0A87641","","215","5401-Thursday Money Mixers","08/16/2018 0:00","04/18/2019 0:00","12.5","5401","4","3","4115"
"5008CA63-44FB-4579-8E4B-6E0D8C03DFB2","","847","5700-71 MIXERS","08/26/2018 0:00","04/14/2019 0:00","14","5700","7","3","4115"
"505884AF-D0F3-49EE-97C2-5CB3035EADD9","","814","6633-Lousy Bowlers Club","08/26/2014 0:00","12/09/2014 0:00","8.25","6633","2","-1","4115"
"50FD00EC-5171-409D-927F-4C44B68C43A1","","203","5202-Tues.Seniors  PMP","10/02/2018 0:00","05/21/2019 0:00","12","5202","2","3","4130"
"514E8908-C320-41E1-885D-8BFCD834637A","","204","5404-Nines No-Tap 2018-2019","10/04/2018 0:00","05/16/2019 0:00","9.25","5404","4","3","4115"
"52274E75-1E26-447C-A3BB-B18F097C1735","","852","5410-New Brunswick High School","11/01/2018 0:00","03/20/2019 0:00","3.2","5410","1","1","4125"
"52274E75-1E26-447C-A3BB-B18F097C1735","","852","5410-New Brunswick High School","11/01/2018 0:00","03/20/2019 0:00","3.2","5410","2","1","4125"
"52274E75-1E26-447C-A3BB-B18F097C1735","","852","5410-New Brunswick High School","11/01/2018 0:00","03/20/2019 0:00","3.2","5410","3","1","4125"
"52274E75-1E26-447C-A3BB-B18F097C1735","","852","5410-New Brunswick High School","11/01/2018 0:00","03/20/2019 0:00","3.2","5410","4","1","4125"
"52274E75-1E26-447C-A3BB-B18F097C1735","","852","5410-New Brunswick High School","11/01/2018 0:00","03/20/2019 0:00","3.2","5410","5","1","4125"
"53C02CCD-8B8D-4606-B9D4-2CE3E8578FAE","","844","5106-GBN Boys Practice","10/08/2018 0:00","03/11/2019 0:00","2","5106","1","3","4125"
"53C02CCD-8B8D-4606-B9D4-2CE3E8578FAE","","844","5106-GBN Boys Practice","10/08/2018 0:00","03/11/2019 0:00","2","5106","2","3","4125"
"53C02CCD-8B8D-4606-B9D4-2CE3E8578FAE","","844","5106-GBN Boys Practice","10/08/2018 0:00","03/11/2019 0:00","2","5106","3","3","4125"
"53C02CCD-8B8D-4606-B9D4-2CE3E8578FAE","","844","5106-GBN Boys Practice","10/08/2018 0:00","03/11/2019 0:00","2","5106","4","3","4125"
"544F234B-0A89-4EEE-938D-0131C8669E61","","583","7616-Special Olympics","10/20/2018 0:00","12/01/2018 0:00","14","9997616","8","2","4140"
"5461E6D4-747F-4DB2-8D32-CE47AF9BD589","","835","5702-Ball-Mac (Gear Up)","09/23/2018 0:00","01/06/2019 0:00","15","5702","7","3","4115"
"546A6018-300F-4072-AF11-D306A533966D","","23","7721-Mixed Travel","10/21/2018 0:00","04/21/2019 0:00","8.75","9997721","8","3","4140"
"54CBAD6F-EC58-4627-90CF-CA8F566B099D","","821","5400-NESHAMINY SENIORS (AGES 5","08/23/2018 0:00","06/06/2019 0:00","7.6","5400","4","3","4130"
"558A377E-8C72-4FA8-BDF7-A9D6848814C8","","280","5403-fishbowl party","10/25/2018 0:00","11/29/2018 0:00","0.01","5403","4","3","4115"
"562876DD-66D8-4950-A054-5DA6A4976F40","","811","9300-Lights Out Bowling Club","09/26/2018 0:00","12/19/2018 0:00","10","9300","3","3","4115"
"56519A47-8282-4A21-B01F-06B55156F0D1","","522","5401-Bowl Single.com","10/18/2018 0:00","02/21/2019 0:00","10","5401","4","3","4115"
"57375BB9-1DC9-4997-A90A-3CC82004016C","","212","5706-B.IG League","10/07/2018 0:00","04/14/2019 0:00","10","5706","7","3","4115"
"57BD5F77-9513-459A-AE4B-054B660B636A","","243","5703-Tidewater Team Challenge","10/28/2018 0:00","12/09/2018 0:00","2.5","9995703","8","3","4140"
"58B3D1BA-F217-493F-AA62-38A4AEEEDF9C","","242","5104-Jelly Belly","10/22/2018 0:00","04/29/2019 0:00","15.15","5104","1","3","4115"
"5937FFF2-D476-48F3-8480-44256FF2A0CC","","514","7719-JBT 2018-2019","10/28/2018 0:00","12/02/2018 0:00","12","9997719","8","4","4140"
"59541D36-1F87-4AEB-A83D-D8E951B7AA12","","349","5400-Misfits Fall 2018","08/23/2018 0:00","04/25/2019 0:00","12.75","5400","4","3","4115"
"5987B7A3-3E83-4B10-B4B0-3FA93BE18767","","864","5402-Tri-City Seniors","09/20/2018 0:00","04/11/2019 0:00","6.5","5402","4","3","4115"
"59F2A814-6CB7-40D0-B207-D23EC9DB3A61","","892","7785-GSAUSBC Ladies City Tourn","10/21/2018 0:00","11/25/2018 0:00","9","9997785","8","3","4140"
"5A2C81A3-9471-4ACC-B8A5-C9EC530C4573","","394","7704-Ladie's Travel League","09/23/2018 0:00","10/28/2018 0:00","10.5","9997704","8","3","4140"
"5A67A31C-D3EA-475B-8737-1F7E812FE2ED","","833","5305-Red Rocks League","08/22/2018 0:00","11/28/2018 0:00","9.5","5305","3","3","4115"
"5B88BDB9-F1F6-4960-BE9C-F42856A027C3","","244","5402-Professional Amateurs","10/18/2018 0:00","04/18/2019 0:00","14","5402","4","3","4115"
"5C538278-F273-4BFB-95E9-F9D6EF49ED11","","852","5406-North Brunswick High Scho","11/01/2018 0:00","03/20/2019 0:00","3.2","5406","1","1","4125"
"5C538278-F273-4BFB-95E9-F9D6EF49ED11","","852","5406-North Brunswick High Scho","11/01/2018 0:00","03/20/2019 0:00","3.2","5406","2","1","4125"
"5C538278-F273-4BFB-95E9-F9D6EF49ED11","","852","5406-North Brunswick High Scho","11/01/2018 0:00","03/20/2019 0:00","3.2","5406","3","1","4125"
"5C538278-F273-4BFB-95E9-F9D6EF49ED11","","852","5406-North Brunswick High Scho","11/01/2018 0:00","03/20/2019 0:00","3.2","5406","4","1","4125"
"5C538278-F273-4BFB-95E9-F9D6EF49ED11","","852","5406-North Brunswick High Scho","11/01/2018 0:00","03/20/2019 0:00","3.2","5406","5","1","4125"
"5C5BAE74-1077-4F9F-ACBC-FE04D09D7C6D","","873","5201-RIALTO UNITED","08/28/2018 0:00","01/01/2019 0:00","10","5201","2","3","4115"
"5C7B8E49-7F85-4295-A7AD-F0FEE943A68B","","826","5302-Great Times","10/24/2018 0:00","01/02/2019 0:00","10","5302","3","3","4115"
"5D05923A-3A6B-4001-8D73-796A3A72C114","","148","5300-Club 50 '18-'19","08/22/2018 0:00","05/29/2019 0:00","11.5","5300","3","3","4130"
"5D15BC9F-A8B1-4AAF-B289-90B81710B94F","","834","5300-Lunch Bunch Fall 2018","09/12/2018 0:00","01/30/2019 0:00","5","5300","3","2","4115"
"5D8BBD30-6044-4605-A821-49C4AC3BBC89","","876","3109-Santa Savers","01/01/2018 0:00","12/17/2018 0:00","7.5","3109","1","3","4115"
"5E0EE21C-D202-47BA-A72B-A8E70E437FFD","","291","5307-Southdale Men's League 20","08/22/2018 0:00","04/17/2019 0:00","13.6","5307","3","3","4115"
"5E72296D-0030-4B91-814A-12D815614655","","852","5509-PCNJ Out Bowling","09/07/2018 0:00","06/21/2019 0:00","12","5509","5","3","4115"
"5E95E98A-0E3B-474C-A339-281B74FB4013","","883","5603-USBC MAJORS","08/11/2018 0:00","04/20/2019 0:00","9","5603","6","3","4125"
"5EEA1E5C-33EF-4CDE-82B9-D8BB0A7224E9","","358","5304-Wasted Wednesdays","10/31/2018 0:00","03/13/2019 0:00","9","5304","3","3","4115"
"5F330D44-5FD5-4739-A13B-999E361E2E6B","","873","5700-SUNDAY VEGAS","08/12/2018 0:00","05/19/2019 0:00","10.75","5700","7","3","4115"
"5F986C3E-895E-470F-81F3-1E5539CC91D7","","855","3208-Patrick & Friends","07/25/2017 0:00","05/14/2019 0:00","3.98","3208","2","2","4115"
"5F9ABADB-541B-4111-AFAB-9694726C8F10","","873","5600-Fontana Allstar Jr's","08/25/2018 0:00","01/05/2019 0:00","8.5","5600","6","3","4125"
"5FFD86E3-D713-4BEE-8435-A0CA3952CD37","","873","5400-AGELESS WONDERS","08/23/2018 0:00","05/29/2019 0:00","9.25","5400","3","3","4130"
"6040B74C-1863-4114-9759-E5369EF0349D","","256","5500-Better Times","08/24/2018 0:00","05/11/2019 0:00","10","5500","5","3","4115"
"612471DE-032B-4C07-9235-4DF5F37CEACD","","512","5201-High School Varsity","10/30/2018 0:00","02/26/2019 0:00","3.75","5201","1","3","4125"
"612471DE-032B-4C07-9235-4DF5F37CEACD","","512","5201-High School Varsity","10/30/2018 0:00","02/26/2019 0:00","3.75","5201","2","3","4125"
"612471DE-032B-4C07-9235-4DF5F37CEACD","","512","5201-High School Varsity","10/30/2018 0:00","02/26/2019 0:00","3.75","5201","3","3","4125"
"612471DE-032B-4C07-9235-4DF5F37CEACD","","512","5201-High School Varsity","10/30/2018 0:00","02/26/2019 0:00","3.75","5201","4","3","4125"
"612471DE-032B-4C07-9235-4DF5F37CEACD","","512","5201-High School Varsity","10/30/2018 0:00","02/26/2019 0:00","3.75","5201","5","3","4125"
"61831D1D-5EC2-4E0C-A40F-03775F7DB768","","108","9700-Family Time Bowling Club","10/21/2018 0:00","02/17/2019 0:00","12","9700","7","3","4125"
"6185F365-D301-4D76-92AC-46680461D1F3","","428","5203-Cenlar Co.","10/02/2018 0:00","12/04/2018 0:00","10","5203","2","3","4115"
"61D1C1C4-C0A7-4666-B375-A75812EB77AD","","894","9203-Gr8 Times Bowling Club II","10/23/2018 0:00","01/01/2019 0:00","11","9203","2","3","4115"
"62A88CED-0BDD-4F89-A413-74F29D7A8020","","615","5104-Baker HS PE Fall 2018","08/13/2018 0:00","06/03/2019 0:00","2.25","5104","1","1","4115"
"62A88CED-0BDD-4F89-A413-74F29D7A8020","","615","5104-Baker HS PE Fall 2018","08/13/2018 0:00","06/03/2019 0:00","2.25","5104","3","1","4115"
"63303944-A9E7-4EA7-852D-6FA753F25044","","238","9500-Lights Out Bowling Club","10/05/2018 0:00","12/28/2018 0:00","12","9500","5","3","4115"
"6344DDA6-82A6-4925-9B9E-04099A948449","","829","5107-Overland 2B Watson","10/22/2018 0:00","12/17/2018 0:00","5","5107","1","2","4125"
"6344DDA6-82A6-4925-9B9E-04099A948449","","829","5107-Overland 2B Watson","10/22/2018 0:00","12/17/2018 0:00","5","5107","2","2","4125"
"6344DDA6-82A6-4925-9B9E-04099A948449","","829","5107-Overland 2B Watson","10/22/2018 0:00","12/17/2018 0:00","5","5107","3","2","4125"
"6344DDA6-82A6-4925-9B9E-04099A948449","","829","5107-Overland 2B Watson","10/22/2018 0:00","12/17/2018 0:00","5","5107","4","2","4125"
"6344DDA6-82A6-4925-9B9E-04099A948449","","829","5107-Overland 2B Watson","10/22/2018 0:00","12/17/2018 0:00","5","5107","5","2","4125"
"63E94CF7-92CB-4C76-ABF4-B50499A8A172","","873","5500-FRIDAY NITERS","08/10/2018 0:00","05/03/2019 0:00","15","5500","5","3","4115"
"63EE6E5C-501A-4ABC-B73E-05E537016D70","","95","5601-Ann Elley's Toadrunners T","10/20/2018 0:00","11/24/2018 0:00","8.25","9995601","8","3","4140"
"64F59900-FAE2-4313-94FC-01920293521D","","373","7706-600 Club","10/28/2018 0:00","12/02/2018 0:00","3.5","9997706","8","3","4140"
"6591D5FF-937E-4755-B24E-5068CD73E377","","857","5403-CAL-U-ADULTS","10/18/2018 0:00","04/18/2019 0:00","13","5403","4","3","4115"
"6689A94E-F62B-4361-9EAE-6F3C3F9939C4","","857","5616-NO AGGREVATION","10/20/2018 0:00","04/20/2019 0:00","13","5616","6","3","4115"
"66A19417-9DBE-40C0-B446-DC84F078D509","","883","5701-Special Olympics Sunday S","10/21/2018 0:00","02/24/2019 0:00","4.5","5701","7","2","4115"
"66C08D68-7141-4082-A2D5-5BE338D7E409","","212","5704-Weight Watchers (5704)","10/21/2018 0:00","03/03/2019 0:00","9.25","5704","7","3","4115"
"67803778-9162-4232-93FF-239F6F6D7229","","280","5101-Mystery Cruise League","07/30/2018 0:00","05/20/2019 0:00","10","5101","1","3","4115"
"683CF55F-13DC-44A2-95EC-75F0867A93CF","","847","5505-Ste Jeanne d'Arc","10/19/2018 0:00","12/21/2018 0:00","6.75","5505","5","2","4115"
"6896A188-2251-4B3D-9858-798EE4721D9D","","207","5407-Ocala Palms","08/23/2018 0:00","03/28/2019 0:00","11","5407","4","3","4115"
"68EBCC8F-60B0-468E-95A7-D218A6584DA4","","138","7704-Over/Under 50","10/21/2018 0:00","11/25/2018 0:00","9","9997704","8","3","4140"
"6902552D-2927-4EF4-BF43-2DD2A4962435","","517","7614-Perry Wrestling Tournamen","10/20/2018 0:00","11/24/2018 0:00","16","9997614","8","3","4140"
"6A682098-27C3-4FA9-8951-7CD9325DC930","","852","5110-JP Stevens High School","10/29/2018 0:00","04/11/2019 0:00","3.2","5110","1","1","4125"
"6A682098-27C3-4FA9-8951-7CD9325DC930","","852","5110-JP Stevens High School","10/29/2018 0:00","04/11/2019 0:00","3.2","5110","2","1","4125"
"6A682098-27C3-4FA9-8951-7CD9325DC930","","852","5110-JP Stevens High School","10/29/2018 0:00","04/11/2019 0:00","3.2","5110","3","1","4125"
"6A682098-27C3-4FA9-8951-7CD9325DC930","","852","5110-JP Stevens High School","10/29/2018 0:00","04/11/2019 0:00","3.2","5110","4","1","4125"
"6B1143FE-A454-4DD9-A2A2-46959EC8AD4E","","842","7675-Lake Park High School Inv","10/27/2018 0:00","12/15/2018 0:00","16.5","9997675","8","6","4140"
"6B967BBE-BAD9-4CBF-96E9-480B90497EBB","","844","7783-ABT Tournament","10/28/2018 0:00","12/02/2018 0:00","2.5","9997783","8","3","4140"
"6B9A8CFD-4071-433C-96B1-B84656547919","","602","5701-OSSO  Winter 2017","10/21/2018 0:00","12/30/2018 0:00","5.5","5701","7","2","4115"
"6BF0C8AC-0190-419A-90CD-88415A4A708B","","430","9501-Lights Out Bowling Club","10/19/2018 0:00","01/18/2019 0:00","12","9501","5","3","4115"
"6C4D6E07-790B-4CCB-80F4-B0C6AA12AD9D","","349","5600-Southdale Saturday Youth","08/25/2018 0:00","04/20/2019 0:00","9","5600","6","3","4125"
"6C692B25-85D1-432A-8745-315536BBB7AF","","873","5301-MID-WEEK MADNE$$","10/24/2018 0:00","04/03/2019 0:00","10.5","5301","3","3","4115"
"6C6B1FA2-99F1-4B40-9C0A-328A4D601C23","","859","5305-LOUSY BOWLERS","10/24/2018 0:00","03/27/2019 0:00","14.81","5305","3","3","4115"
"6D6A2F84-FCA8-488A-B7AC-CE910BB58CF0","","384","5102-Windsor Park","10/22/2018 0:00","04/01/2019 0:00","7.5","5102","1","3","4130"
"6E479AB5-8688-414C-8DBD-71A65DB4B68F","","873","3101-B.O.B.","02/12/2018 0:00","11/26/2018 0:00","9.6","3101","1","3","4115"
"6FFEB9CE-E53F-4E8B-8400-09208C4790AB","","107","7401-Turkey Shoot out 2018","09/27/2018 0:00","12/06/2018 0:00","10","9997401","8","3","4140"
"7081CC6A-0D87-4661-9BB6-BF3EC0938491","","400","5506-This Is How We Roll","10/05/2018 0:00","02/22/2019 0:00","14","5506","5","3","4115"
"709FBE97-C5B5-426D-ADDC-265E38C7D325","","244","7706-Rainbow 8 Pin No-Tap Clas","09/29/2018 0:00","11/03/2018 0:00","2.5","9997706","8","1","4140"
"70E86DD0-0DE6-451F-827D-44CCF293BD0B","","291","5601-New Breed 2018-2019","08/11/2018 0:00","04/13/2019 0:00","12.9","5601","6","3","4115"
"7144CA23-7FD0-410A-95E1-7E0ACD0DA56F","","847","5705-MEDIOCRE BOWLING ASSOCIAT","09/09/2018 0:00","03/31/2019 0:00","13.65","5705","7","3","4115"
"71987808-B732-445E-884E-524C524FDF6A","","842","5102-Hinsdale South Girls - Pr","10/29/2018 0:00","02/28/2019 0:00","2.25","5102","1","1","4125"
"71987808-B732-445E-884E-524C524FDF6A","","842","5102-Hinsdale South Girls - Pr","10/29/2018 0:00","02/28/2019 0:00","2.25","5102","2","1","4125"
"71987808-B732-445E-884E-524C524FDF6A","","842","5102-Hinsdale South Girls - Pr","10/29/2018 0:00","02/28/2019 0:00","2.25","5102","3","1","4125"
"71987808-B732-445E-884E-524C524FDF6A","","842","5102-Hinsdale South Girls - Pr","10/29/2018 0:00","02/28/2019 0:00","2.25","5102","4","1","4125"
"72E9E3EA-DF5C-4836-9290-A977AABB5CC1","","601","7608-GLBC Tournament 2018","09/29/2018 0:00","11/11/2018 0:00","12","9997608","8","6","4140"
"738A0F72-5249-4215-8454-C107BFA9EAFD","","852","5107-Colonia High School GMC","10/29/2018 0:00","04/12/2019 0:00","3.2","5107","1","1","4125"
"738A0F72-5249-4215-8454-C107BFA9EAFD","","852","5107-Colonia High School GMC","10/29/2018 0:00","04/12/2019 0:00","3.2","5107","2","1","4125"
"738A0F72-5249-4215-8454-C107BFA9EAFD","","852","5107-Colonia High School GMC","10/29/2018 0:00","04/12/2019 0:00","3.2","5107","3","1","4125"
"738A0F72-5249-4215-8454-C107BFA9EAFD","","852","5107-Colonia High School GMC","10/29/2018 0:00","04/12/2019 0:00","3.2","5107","4","1","4125"
"738A0F72-5249-4215-8454-C107BFA9EAFD","","852","5107-Colonia High School GMC","10/29/2018 0:00","04/12/2019 0:00","3.2","5107","5","1","4125"
"73A04E29-154F-466A-BB24-0F36909763DF","","573","5400-Guys And Dolls Fall 2018","08/23/2018 0:00","05/02/2019 0:00","13.5","5400","4","3","4115"
"73CB5307-7A27-4CE0-8B06-085987A6C5F1","","280","5107-Cows & Crops","09/03/2018 0:00","03/18/2019 0:00","10.25","5107","1","3","4115"
"73CC46AF-F557-46A3-A481-CA9E02022D15","","853","5105-Raritan High School","10/29/2018 0:00","02/18/2019 0:00","3","5105","1","1","4125"
"7429C849-4690-4990-B147-45E5BC91BEA9","","207","5507-Summer Glen Kings & Queen","08/24/2018 0:00","04/12/2019 0:00","11","5507","5","3","4130"
"7469CD91-5F57-4F75-87F6-559B14272F2B","","213","7609-Underground Tournament","09/29/2018 0:00","11/17/2018 0:00","3.5","9997609","8","3","4140"
"749B49CC-C1A4-4F48-B27C-5BD9EFC6302E","","248","5100-Spare Time Fun Time","08/27/2018 0:00","06/10/2019 0:00","7","5100","1","2","4130"
"74E32315-9DB0-49ED-8CC1-DCDB06E6D50B","","608","5300-Oldies But Goodies","08/22/2018 0:00","05/15/2019 0:00","8.5","5300","3","3","4130"
"750B6B42-A41B-46B9-80E7-03BCF42CB4EF","","890","5500-JOLLY SENIORS","08/31/2018 0:00","06/21/2019 0:00","8.5","5500","5","3","4130"
"75222B66-C96E-401F-BA81-470888EECB05","","504","5702-Sunday Night Mixed  18-19","08/12/2018 0:00","04/14/2019 0:00","13.5","5702","7","3","4115"
"75ADFD24-B39A-44A6-A474-3EC0EDD0EA77","","312","5500-Fri Men Invitational","09/21/2018 0:00","06/07/2019 0:00","9","5500","5","3","4115"
"76963F68-81B1-464A-875D-035E2DDA7D0C","","842","5503-Diamonds & Studs","08/24/2018 0:00","05/17/2019 0:00","6.25","5503","5","3","4130"
"76D6FACD-5D22-45E5-A663-935D90A488E2","","852","5403-Piscataway Chiefs 2018","10/25/2018 0:00","03/28/2019 0:00","8","5403","4","3","4125"
"76D89070-6F8C-45CA-94C8-9094E71410E9","","616","5300-Scratch Classic Mixed Fal","08/15/2018 0:00","05/08/2019 0:00","11.25","5300","3","4","4115"
"76DA8E87-1E1B-4E5B-B216-9928748B6D96","","519","5600-Saturday Youth 2018/19","08/25/2018 0:00","03/09/2019 0:00","6","5600","6","3","4125"
"7827252F-C25B-42EB-AFC0-FF468425A032","","20","7615-HUSBC City","10/20/2018 0:00","12/02/2018 0:00","10","9997615","8","3","4140"
"79DB5F68-DCE1-4731-9391-45FAD7D80DD8","","295","5402-Suds & Soda","10/18/2018 0:00","03/14/2019 0:00","10.25","5402","4","3","4115"
"79FA7974-35B8-4824-B12D-07C612739ED3","","535","5704-Parents of Special People","10/28/2018 0:00","05/12/2019 0:00","6.25","5704","7","2","4125"
"79FC73D2-0393-491E-9763-260612C8A076","","64","5400-RTI MIXED FALL 2018","08/16/2018 0:00","05/23/2019 0:00","11.75","5400","4","3","4115"
"79FF0A1F-029F-4C1D-B27A-7E6A67000667","","534","5203-Tuesday Night Throwdown","09/11/2018 0:00","12/25/2018 0:00","12","5203","2","3","4115"
"7A1604C4-309E-4EA7-A8AB-6DC147AFEF5C","","203","5602-Tree Lakes","10/20/2018 0:00","04/06/2019 0:00","11.5","5602","6","3","4130"
"7A452F3E-DE64-4E08-899D-C2AAE392617E","","883","5200-Special Olympics Tuesday ","10/30/2018 0:00","03/12/2019 0:00","4.5","5200","2","2","4115"
"7A68E7E7-41A1-44DE-9DF9-D8D074F81DEF","","567","7401-Turkey Bowl","10/25/2018 0:00","11/29/2018 0:00","6","9997401","8","2","4140"
"7AB58B62-4E3E-43F6-ACD6-A66E95E5A9B5","","874","5305-Great 8 Times","10/24/2018 0:00","01/09/2019 0:00","10","5305","3","3","4115"
"7B56A8E9-9BAE-4326-9831-46F7744ADA0B","","535","5402-MVP Softball Bowling","10/25/2018 0:00","04/11/2019 0:00","12","5402","4","3","4115"
"7B7FBF87-9EFD-485D-924A-1147517A28FD","","883","6402-Sport Pattern Practice Le","05/17/2018 0:00","01/10/2019 0:00","10","6402","4","4","4115"
"7B975038-CA33-472E-BBA5-1ED3D7999C84","","248","5203-HRT FALL 2018","09/04/2018 0:00","12/18/2018 0:00","12","5203","2","3","4115"
"7C506786-9CC4-4D55-9465-3E27D3CA8E81","","883","5100-ED VOSHELL CLASSIC","08/06/2018 0:00","05/20/2019 0:00","12.75","5100","1","3","4115"
"7C81E454-850A-438C-8444-448FC3361379","","608","9700-Lights Out Bowling Club","09/30/2018 0:00","12/16/2018 0:00","10","9700","7","3","4115"
"7CA412CC-3FC1-45E0-ADCD-47085BD61782","","868","5402-IBM Club & Friends","08/23/2018 0:00","04/04/2019 0:00","13.25","5402","4","3","4115"
"7CB9820D-AD19-4C0A-804C-B520C0CA600A","","873","9700-Vegas Funtime Las Vegas L","08/26/2018 0:00","06/16/2019 0:00","10.7","9700","7","3","4115"
"7D0D3ABD-672F-433B-A059-AFF20A6BE6FA","","831","5402-THURSDAY CLUB 50+ PM","08/16/2018 0:00","05/16/2019 0:00","8","5402","4","3","4130"
"7D771C98-A42E-40B1-9100-8BD29BEC9150","","349","5200-Bello Machre","08/21/2018 0:00","05/21/2019 0:00","8.75","5200","2","3","4115"
"7D7F7FAA-35A0-43B2-89FB-7C012298388C","","384","5402-Val Vista Village","10/18/2018 0:00","03/28/2019 0:00","7.85","5402","4","3","4130"
"7DC4F617-2209-4875-8D32-A894C73EBC5E","","311","5102-AMF MIXERS 2018","07/30/2018 0:00","05/13/2019 0:00","13","5102","1","3","4115"
"7F25D8BC-4830-44B8-82E9-531FA624C92E","","211","5213-Toys for Tots Bowling clu","10/23/2018 0:00","01/01/2019 0:00","5","5213","2","3","4115"
"7F321583-498D-4D52-8D71-919B144842A8","","205","5101-Country Club Estates 2018","10/22/2018 0:00","04/08/2019 0:00","9.75","5101","1","3","4130"
"7F4964E6-81F2-49E2-BC31-96F1EEC0E695","","414","7107-GISD Special Olympics 201","09/10/2018 0:00","02/18/2019 0:00","1","9997107","8","1","4140"
"7F9C848A-BD77-4DC0-9990-E7F3A30F8246","","412","7703-Post Office MDA","10/21/2018 0:00","11/25/2018 0:00","10","9997703","8","3","4140"
"7FAAF2B5-5E27-4B7E-A038-174DFF4A37D5","","850","5201-SPECIAL FORCES","08/28/2018 0:00","04/23/2019 0:00","9.5","5201","2","3","4115"
"7FE0258A-BACA-4EAF-8EEC-B9D872384475","","227","9500-Lights Out Bowling Club","10/19/2018 0:00","01/04/2019 0:00","12","9500","5","3","4115"
"80C9276D-2A54-4791-ABEB-32AB5D7C9605","","292","7722-That's What I do","10/21/2018 0:00","11/25/2018 0:00","1","9997722","8","1","4140"
"80F99D61-6165-4A15-A93A-90B85143A0FE","","238","5603-OAM 2 Saturday Night Live","08/25/2018 0:00","06/22/2019 0:00","17","5603","6","3","4115"
"80FED262-8FE6-4740-AD21-B0030F90B576","","128","5401-Golfers Bowling League 20","10/18/2018 0:00","04/25/2019 0:00","11.25","5401","4","3","4115"
"817E0A67-1424-407E-8B51-53F2C94D6E32","","203","5400-Grigg's Plumbing Thurs. A","08/23/2018 0:00","04/25/2019 0:00","11.5","5400","4","3","4115"
"81D1AB5B-958A-420D-85C1-8262EA2DE0EC","","89","5701-Sunday Mixed Travel Leagu","10/21/2018 0:00","11/25/2018 0:00","11.75","9995701","8","6","4140"
"81EC1C26-9B6C-4D7A-A6A3-D90EAE3B61F6","","596","7719-Buzzard Club of Dallas","10/28/2018 0:00","12/09/2018 0:00","11.75","9997719","8","3","4140"
"8226BAE1-6B8D-4AE8-85B4-4FC5307E8506","","215","5402-Thursday Jr/Adult Trios","08/30/2018 0:00","05/02/2019 0:00","7.5","5402","4","3","4125"
"8259E46B-2BEE-43BE-806F-8B4F824D4FB0","","203","5305-Palm Bay","10/31/2018 0:00","03/27/2019 0:00","11.5","5305","3","3","4130"
"82E06215-3C96-413F-AB2E-B056B858E31C","","883","5303-SHIFTWORKERS","08/01/2018 0:00","04/10/2019 0:00","10.5","5303","3","3","4115"
"83771BAB-2334-469D-B2BE-E32A7A8AE7B9","","297","7402-Thanksgiving Turkey Shoot","10/04/2018 0:00","12/20/2018 0:00","10","9997402","8","5","4140"
"83C7897D-79A5-4112-9D82-892B4F40C95F","","215","5300-Wednesday Black Oak No-Ta","08/22/2018 0:00","05/01/2019 0:00","7","5300","3","3","4115"
"84303014-208B-4AF1-85DA-1BCA72960833","","207","5201-Saddle Oak","09/18/2018 0:00","04/16/2019 0:00","11","5201","2","3","4130"
"8482A450-7C89-4128-A7A9-37C1BE2A0B3B","","873","5401-SR. HANDICAP TRIOS","08/23/2018 0:00","05/30/2019 0:00","10.65","5401","4","3","4130"
"85662A04-CFFD-4660-A288-851535E49FE3","","873","5100-SCRATCH DOUBLES","09/03/2018 0:00","12/24/2018 0:00","10","5100","1","3","4115"
"86B5CAD3-03F1-44F6-8677-E2236447CC85","","883","5102-WILD MEADOWS","08/13/2018 0:00","05/06/2019 0:00","9","5102","1","3","4130"
"8884D188-BB5E-4D31-BB09-6C01870A8869","","883","5604-USBC PEE WEES","08/11/2018 0:00","04/20/2019 0:00","6","5604","6","2","4125"
"893C9ACF-3F08-406D-A9DC-C0606B0FC9C8","","65","5401-Not That Good 18/19","08/23/2018 0:00","05/09/2019 0:00","13.1","5401","4","3","4115"
"8AEF794F-09F3-4912-B145-E03BB24A9D5A","","883","5400-THURSDAY SUN SHINE","08/09/2018 0:00","04/25/2019 0:00","8.75","5400","4","3","4130"
"8B65D2CF-8088-4507-B6B3-F02627C7C638","","349","5100-Monday Night Trio's","08/27/2018 0:00","05/27/2019 0:00","10.5","5100","1","3","4115"
"8C4CFB44-33FE-41E5-BF9B-B19DD8827C55","","609","7706-CVM Youth Tournament 2018","10/21/2018 0:00","12/02/2018 0:00","9.75","9997706","8","3","4140"
"8CE29815-C7C8-4541-8397-DDC5ADE4624F","","245","5102-Senior Strikers 2018","08/27/2018 0:00","05/27/2019 0:00","10.5","5102","1","3","4130"
"8D59081A-97C5-4840-A35C-3B7E7F708B1F","","894","5402-High School Travel League","10/18/2018 0:00","01/24/2019 0:00","6","5402","4","3","4125"
"8D974018-B6C8-4296-8EE5-2386D559A584","","427","5604-Family Feud Winter 2019","10/27/2018 0:00","02/16/2019 0:00","9.5","5604","6","3","4125"
"8DDAE5ED-0C97-4437-B2F2-55296448AA8F","","211","5501-Men's Club Bowling League","08/24/2018 0:00","04/12/2019 0:00","11.25","5501","5","3","4115"
"8DE26D5C-B6E5-43F5-8571-C380D0810E51","","242","5105-FUNTIME","10/22/2018 0:00","05/20/2019 0:00","3.75","5105","1","1","4125"
"8DEF57E1-9F4B-443E-98D8-53FFDC6B0D6A","","892","5603-Division II Elite 18-19","08/25/2018 0:00","04/27/2019 0:00","8.25","5603","6","3","4125"
"8E908EB9-FFBB-4C7B-9A74-066BCD87FAC7","","839","9500-Lights Out Bowling Club","09/26/2018 0:00","12/19/2018 0:00","10","9500","3","3","4125"
"8EB406A4-B817-4991-9A16-3B19E7547AAC","","871","5300-Wednesday Vegas Express","08/29/2018 0:00","05/29/2019 0:00","9.5","5300","3","3","4115"
"8ECE9028-0E79-47B0-B199-50AE790DD6D7","","559","7724-Support the Vets Tourname","10/28/2018 0:00","12/02/2018 0:00","6","9997724","8","3","4140"
"8EEE1211-3091-4F60-8846-0E7B6A283B0B","","217","5303-Bldg 601","09/12/2018 0:00","05/01/2019 0:00","8.5","5303","3","3","4115"
"8F0CB199-66B9-4B66-8FB3-60764A0AA359","","77","7705-UBA Tour Stop 2018","10/21/2018 0:00","11/25/2018 0:00","8.25","9997705","8","3","4140"
"8F4EAF9C-DE90-453F-AD0B-001EA27C3459","","883","5104-Newcomers","10/08/2018 0:00","06/08/2020 0:00","5.5","5104","1","2","4115"
"8FA17F1D-9817-4545-B9CD-16C60A5E1087","","245","9300-Family Time Bowling Club","10/31/2018 0:00","01/30/2019 0:00","12","9300","3","3","4125"
"900D9F54-D69A-43F0-A512-A417DC50D194","","183","7711-LIUSBC 9 No Tap","10/28/2018 0:00","12/02/2018 0:00","9","9997711","8","3","4140"
"910A439A-3402-4E2C-8E34-48CB9AF8B9E7","","615","5102-Williamson Memorial Fall ","08/27/2018 0:00","07/08/2019 0:00","13","5102","1","3","4115"
"91659A0B-5C39-49AA-AB1C-EDFC0A925066","","846","5401-Thursday Night Mixed","08/09/2018 0:00","05/09/2019 0:00","13.15","5401","4","3","4115"
"923880AC-168F-4228-A379-599D8EC5677D","","207","5103-On Top Of The World","08/27/2018 0:00","04/15/2019 0:00","11","5103","1","3","4130"
"928A9A9C-5DEA-42AC-8CF9-058FEA9FE67D","","373","9705-Gr8er Times Bowling Club","10/28/2018 0:00","01/27/2019 0:00","10","9705","7","3","4115"
"936FFB5E-9150-405F-9049-C7BF0FA45577","","546","5303-Wednesday Night Mixers 17","08/08/2018 0:00","04/10/2019 0:00","13.25","5303","3","3","4115"
"9370C7DB-BEB0-48B7-AC81-EFA0820C2634","","287","7604-Travel League 287","10/06/2018 0:00","04/06/2019 0:00","8.5","9997604","8","3","4140"
"94315746-9F19-4D6D-8721-E5B74D55FD3C","","829","5106-Overland 1B Miller","10/22/2018 0:00","12/17/2018 0:00","5","5106","1","2","4125"
"94315746-9F19-4D6D-8721-E5B74D55FD3C","","829","5106-Overland 1B Miller","10/22/2018 0:00","12/17/2018 0:00","5","5106","2","2","4125"
"94315746-9F19-4D6D-8721-E5B74D55FD3C","","829","5106-Overland 1B Miller","10/22/2018 0:00","12/17/2018 0:00","5","5106","3","2","4125"
"94315746-9F19-4D6D-8721-E5B74D55FD3C","","829","5106-Overland 1B Miller","10/22/2018 0:00","12/17/2018 0:00","5","5106","4","2","4125"
"94315746-9F19-4D6D-8721-E5B74D55FD3C","","829","5106-Overland 1B Miller","10/22/2018 0:00","12/17/2018 0:00","5","5106","5","2","4125"
"94F2A666-803F-408A-A32C-58F6654E5B67","","873","5303-Fontana CSD","09/12/2018 0:00","12/05/2018 0:00","10","5303","3","3","4115"
"957A1A1F-E827-45B0-BBE4-E564731EEDB7","","304","7614-ABT 11/18","10/27/2018 0:00","12/09/2018 0:00","7.35","9997614","8","3","4140"
"95A8BD5B-E2B6-4777-9EAB-A24528B48A24","","220","7611-Special Olympics","10/20/2018 0:00","11/24/2018 0:00","2","9997611","8","3","4140"
"95B3A12D-A78F-4131-8659-B1104C7A1D53","","608","5303-Gamblers Anonymous Fall 1","10/24/2018 0:00","05/15/2019 0:00","12.75","5303","3","3","4115"
"95DBBF99-AD05-459F-9E30-DE1D624DBD9E","","850","5404-O.W.L","10/18/2018 0:00","01/31/2019 0:00","8","5404","4","3","4115"
"95EBBAE6-C6D9-4423-8853-8D84733B1914","","892","7401-Sourthern Regional TNBA T","11/01/2018 0:00","12/06/2018 0:00","6.75","9997401","8","3","4140"
"961BEB6D-E677-4F2E-8254-B0EE32ABC4E9","","513","5403-Corvette Club","09/27/2018 0:00","04/18/2019 0:00","11.25","5403","4","3","4115"
"9647115B-6E4B-4677-AAF6-146A24A19473","","598","5102-F2018-19 Columbia 300 Men","08/27/2018 0:00","05/20/2019 0:00","13.25","5102","1","3","4115"
"97FB32B5-DD0D-4FF0-81DB-5F462753C71D","","892","7685-GSAUSBC Ladies City Tourn","10/20/2018 0:00","11/24/2018 0:00","9","9997685","8","3","4140"
"97FBB8B1-CB3B-43F0-B949-1933F037F7F2","","203","7609-State Games","09/29/2018 0:00","11/03/2018 0:00","3.75","9997609","8","2","4140"
"980693C0-7268-4C77-B553-4D2E98A9469A","","873","5302-SENIOR NO-TAP","08/22/2018 0:00","04/24/2019 0:00","9","5302","3","3","4130"
"9809D03A-D37C-43DD-86E7-B9ECF11A7A83","","220","5105-Maryvale HS","10/22/2018 0:00","02/18/2019 0:00","6","5105","1","3","4125"
"9809D03A-D37C-43DD-86E7-B9ECF11A7A83","","220","5105-Maryvale HS","10/22/2018 0:00","02/18/2019 0:00","6","5105","2","3","4125"
"9809D03A-D37C-43DD-86E7-B9ECF11A7A83","","220","5105-Maryvale HS","10/22/2018 0:00","02/18/2019 0:00","6","5105","3","3","4125"
"9809D03A-D37C-43DD-86E7-B9ECF11A7A83","","220","5105-Maryvale HS","10/22/2018 0:00","02/18/2019 0:00","6","5105","4","3","4125"
"989B5084-53E8-4384-BCD8-01C18303FC8B","","244","9301-Family Time Bowling Club","10/31/2018 0:00","02/13/2019 0:00","10","9301","3","3","4125"
"98EB6614-CF64-4C44-900F-B1BA6B14F795","","883","5500-LOWER DELAWARE SENATE","08/10/2018 0:00","04/26/2019 0:00","12.75","5500","5","3","4115"
"993F331E-445E-4C79-9AA6-0BA17D93812B","","207","5504-Western Stars","08/24/2018 0:00","04/18/2019 0:00","10.75","5504","4","3","4130"
"9943A5E9-9737-4D8E-BC1A-D66BDD072AB7","","154","7736-9 pin relay","10/21/2018 0:00","11/25/2018 0:00","4","9997736","8","2","4140"
"998ADBBC-343E-4EA9-95B0-B7BDD1D2ED6C","","256","3704-Women's Club","02/18/2018 0:00","12/16/2018 0:00","8","3704","7","4","4115"
"99F6DA6D-EA13-42CE-BA7A-89C2CDAB4BD5","","205","5402-Fore Got To Aim","10/18/2018 0:00","03/07/2019 0:00","10","5402","4","2","4115"
"9BB11881-7ECE-440A-8780-BBECC15C63A2","","401","5502-Plantation rv","10/19/2018 0:00","04/26/2019 0:00","12.5","5502","5","3","4130"
"9CA219A9-AE67-40A0-B322-38717EBBB0DC","","529","5703-9-Pin No Tap","10/21/2018 0:00","01/20/2019 0:00","10","5703","7","3","4115"
"9D7792C6-2B49-44A4-99B2-7219FE896EDA","","802","5400-Degenerate Bowlers","10/11/2018 0:00","04/11/2019 0:00","8.5","5400","4","3","4115"
"9DD06094-F792-4423-94C8-EC0AC2FAE29E","","583","8400-Get Your Gear League 2018","05/03/2018 0:00","11/07/2018 0:00","22","8400","4","3","4115"
"9DD5A0EC-CBE5-4E39-A2DE-63FE1C2F0782","","529","5400-Gear Up Bowling Club","10/18/2018 0:00","01/24/2019 0:00","10","5400","4","3","4115"
"9E69ABFF-833A-4282-AEBF-5AA3AF3EAA34","","559","7642-Strikes For A Cause","10/27/2018 0:00","12/01/2018 0:00","11.75","9997642","8","3","4140"
"9F24DBF9-5E6C-460E-95D7-A6CBB9763776","","223","7621-Cleveland Classic  Third ","10/06/2018 0:00","11/11/2018 0:00","7.6","9997621","8","4","4140"
"9F7A70CC-1C24-408C-A85D-74525A3FBA4C","","616","7632-Mobile USBC CityTournamen","10/27/2018 0:00","12/02/2018 0:00","10","9997632","8","3","4140"
"9FAAAB96-85B4-4677-8080-C1B234726688","","403","5501-Beacon Hill Fall 18-19","10/19/2018 0:00","04/05/2019 0:00","9.25","5501","5","3","4130"
"A12A8E64-4FD5-4725-AD3D-0949B45474EA","","358","7618-City Mixed","09/01/2018 0:00","11/05/2018 0:00","2.25","9997618","8","1","4140"
"A19F3A0D-3FD9-4880-A9DB-BDBEA270CFC8","","840","9402-Gr8er Times Bowling Club","10/18/2018 0:00","01/24/2019 0:00","10","9402","4","3","4115"
"A205162A-58CF-4382-B02D-2B6D1C87F4B7","","277","7605-Womens 500","10/27/2018 0:00","12/01/2018 0:00","3","9997605","8","1","4140"
"A29C689B-3781-43A8-8ABA-1A6426D84D8E","","231","5306-Satellite Mixed 2018-2019","08/15/2018 0:00","05/08/2019 0:00","10.1","5306","3","3","4115"
"A29D991A-ABB5-4B10-970E-030407DDA31F","","572","7624-Nisei Senior No Tap","10/27/2018 0:00","12/08/2018 0:00","9","9997624","8","3","4140"
"A2F1B541-37C1-467D-A9CA-A4EB6E73D28A","","312","5235-Lake Ridge Bowlers","09/25/2018 0:00","04/23/2019 0:00","9.5","5235","2","3","4130"
"A35ABB08-6B81-4690-9BF5-F5EE92892577","","64","5303-FHI360 FALL 2018","08/15/2018 0:00","04/17/2019 0:00","10.5","5303","3","3","4115"
"A3CEA29A-4F31-4357-9506-45AD3460DD7A","","163","5206-1800 Flowers","10/23/2018 0:00","05/14/2019 0:00","13.25","5206","2","3","4115"
"A3CEFE15-C569-468D-B431-BE9C371CFE34","","827","9201-Cashback Bowling Club III","10/18/2018 0:00","02/21/2019 0:00","12","9201","4","3","4115"
"A3E13AC4-BE08-4A67-9CE9-81D61DAE9142","","842","5300-Wednesday Men's","08/22/2018 0:00","05/15/2019 0:00","12","5300","3","3","4115"
"A446C907-659A-434D-A540-E40CF667EBB9","","595","7639-North Texas Deaf Bowling ","10/27/2018 0:00","12/01/2018 0:00","9","9997639","8","3","4140"
"A4D42FED-D87D-4DD8-985D-72EA7AE0E32A","","276","5301-Peppy Pioneers 18-19","08/15/2018 0:00","05/22/2019 0:00","8","5301","3","3","4130"
"A4F43944-6BD7-4996-AA58-B691CD738A2B","","615","9600-Family Time Bowling Club","10/20/2018 0:00","02/02/2019 0:00","9","9600","6","3","4125"
"A531C26A-23E3-4B18-B43B-5A7FA9574B13","","513","5703-All Family and Friends","08/26/2018 0:00","04/28/2019 0:00","11.25","5703","7","3","4115"
"A54EF932-9A8D-4724-B05B-9EF944CBF0C2","","70","7707-All Star Girls Team","10/14/2018 0:00","11/18/2018 0:00","12","9997707","8","6","4140"
"A57EFBAA-1E8A-41BC-B438-3DC36D29B27B","","34","5300-Gate City Trios Fall","08/08/2018 0:00","05/08/2019 0:00","9","5300","3","3","4115"
"A594A69F-84DF-4636-A168-31D6F50C24EF","","207","5601-Pee Wee Junior's","09/01/2018 0:00","04/27/2019 0:00","8.5","5601","6","2","4125"
"A5EFEA55-5835-4E2E-8951-5D7B6ACE820F","","847","5201-ALEXANDERS","08/14/2018 0:00","05/07/2019 0:00","14","5201","2","3","4115"
"A89CDADF-B547-4317-A975-247AC9A7AEEB","","844","7653-Glenbrook High School Inv","10/20/2018 0:00","11/24/2018 0:00","100","9997653","8","6","4140"
"A8A1C629-2F32-46BA-A0FD-BA078908EA70","","873","6300-MId Week Madness","06/13/2018 0:00","11/07/2018 0:00","9.5","6300","3","3","4115"
"A8AB7A14-EDD9-4B17-86C2-8F421A595FC8","","373","9706-Gr8er Times Bowling Club ","10/28/2018 0:00","01/27/2019 0:00","16","9706","7","3","4115"
"A8C51FA4-70CB-485D-BA93-E2B2D2A0929E","","276","5504-Tulsa Social Sports Frida","10/26/2018 0:00","01/04/2019 0:00","5","5504","5","2","4115"
"A95B624A-F832-4138-96F2-5251A8560A72","","873","5702-So. Calif. Men's Club","07/29/2018 0:00","01/27/2019 0:00","10","5702","7","4","4115"
"A96CA090-8557-43A2-BA52-39B76335616F","","204","5401-BuckingHam Club 2018-2019","10/18/2018 0:00","06/13/2019 0:00","9","5401","4","3","4115"
"AA4C0C8F-9F87-42FB-A3FE-89F8BBFB9591","","854","7134-No Tap Tournament","09/17/2018 0:00","07/14/2019 0:00","2.75","9997134","8","1","4140"
"AA9E99F1-A39D-4E0E-8601-C7B6A5F059EA","","357","5204-Tuesday AM Mixed","08/14/2018 0:00","05/21/2019 0:00","8.6","5204","2","3","4115"
"AB1170B0-9398-48F1-A776-D8A08A1B313F","","516","7401-Thanksgiving Turkey Shoot","09/27/2018 0:00","12/06/2018 0:00","10","9997401","8","3","4140"
"AB8C57F9-9AE7-46D6-87C5-27581F86CDD5","","881","5200-Frustrated Bowlers","08/21/2018 0:00","06/04/2019 0:00","11.87","5200","2","3","4115"
"ABD1144A-02FA-4292-B6F8-5716F15F3F8D","","183","7602-UBA","10/27/2018 0:00","12/01/2018 0:00","4","9997602","8","1","4140"
"ABE462AC-F000-40B6-8B39-DA1960C9BF2E","","203","5401-Thursday AM Mixed Seniors","10/18/2018 0:00","04/04/2019 0:00","11.5","5401","4","3","4130"
"ABF10441-74F9-462D-9EE9-3917D4953F44","","297","5201-Bowling Golfers Group 201","10/30/2018 0:00","03/12/2019 0:00","11.25","5201","2","3","4115"
"AC3993D9-CE76-444E-9894-CD6E33BB62D4","","540","6302-OCM BOCES","07/04/2018 0:00","11/07/2018 0:00","2.29","6302","3","3","4125"
"AC3993D9-CE76-444E-9894-CD6E33BB62D4","","540","6302-OCM BOCES","07/04/2018 0:00","11/07/2018 0:00","2.29","6302","4","3","4125"
"AD8FE4C9-AB8F-4F2F-819E-3020700A28AE","","401","5206-Pennbrooke","09/18/2018 0:00","03/26/2019 0:00","12.5","5206","2","3","4115"
"AEDF0412-3BF6-4CC3-AFDD-6F5291889D58","","89","9201-Vegas Team Challenge Las ","09/18/2018 0:00","06/04/2019 0:00","11.33","9201","2","3","4115"
"AEFF2523-9FCB-4483-82E4-FE2E9DD0FAEC","","248","5303-Arabia Mixed","08/22/2018 0:00","05/22/2019 0:00","14.4","5303","3","3","4115"
"AFE83CDA-2FFC-4254-91B4-6086F96DCD78","","602","7608-Women's Championship","10/20/2018 0:00","11/24/2018 0:00","2.75","9997608","8","1","4140"
"AFECDD0C-8717-49AD-91AB-AB5D86348D3A","","203","5102-Chateau Village","10/22/2018 0:00","04/01/2019 0:00","11.5","5102","1","3","4130"
"B05FE5C7-EC61-46AE-A072-02C49995B7D5","","564","5108-Monday Men's Hdcp","08/27/2018 0:00","05/13/2019 0:00","13","5108","1","3","4115"
"B0745A3D-76B1-4993-BBB0-6F37CBD1C46E","","517","9201-Lights Out Bowling Club","09/18/2018 0:00","12/04/2018 0:00","10","9201","2","3","4115"
"B081C2B7-BA44-4D64-B736-4C09628A29C3","","230","5502-Friday Night Mixed","08/24/2018 0:00","03/15/2019 0:00","14","5502","5","3","4115"
"B1A4C15A-060D-4137-AD2F-FD12A6F16FB6","","516","7503-TNBA","10/26/2018 0:00","11/25/2018 0:00","9","9997503","8","3","4140"
"B2A99A96-100C-49EC-B2A5-3BE3408E5E9D","","250","5403-High School League HDCP 2","10/25/2018 0:00","02/14/2019 0:00","5.9","5403","2","3","4125"
"B2A99A96-100C-49EC-B2A5-3BE3408E5E9D","","250","5403-High School League HDCP 2","10/25/2018 0:00","02/14/2019 0:00","5.9","5403","4","3","4125"
"B347F00C-ABCD-49D7-8238-062D4B672059","","349","5500-Ladies Night on the Lanes","09/07/2018 0:00","01/18/2019 0:00","10","5500","5","3","4115"
"B4003CCE-55A0-430C-8E30-8B0AEAB20E94","","821","5403-MORNING GLORIES","08/23/2018 0:00","05/30/2019 0:00","9.6","5403","4","3","4115"
"B4449A71-4C82-4FC4-A1C5-C0D41C0BD28E","","155","5200-Spur's Social","10/23/2018 0:00","02/19/2019 0:00","10","5200","2","5","4115"
"B47CC623-DF11-482C-903B-86190A76B9AF","","852","5511-South Brunswick HS BC","10/19/2018 0:00","12/14/2018 0:00","8","5511","5","2","4125"
"B481C6ED-668E-4BD0-B8AE-D6D4DC5FF3D2","","888","5402-Wheeler Memorial Elite","08/16/2018 0:00","05/16/2019 0:00","12.5","5402","4","3","4115"
"B48FD3B3-F934-46E9-931A-390426772197","","526","7608-Womens 600 regional Tourn","10/06/2018 0:00","11/11/2018 0:00","2.33","9997608","8","1","4140"
"B537E1D8-6CC2-43B5-A420-3B3E3D592E5F","","852","5607-South Brunswick HS Specia","10/20/2018 0:00","04/27/2019 0:00","8.75","5607","6","3","4125"
"B5E125E3-8061-4D9A-9202-946E01611FC2","","517","5501-Reliable Heating & Coolin","10/19/2018 0:00","04/05/2019 0:00","10.5","5501","5","3","4115"
"B602849F-076E-4E2D-8037-48FE4D3573D8","","21","7703-Highest Ground Celebrity ","10/21/2018 0:00","11/25/2018 0:00","5","9997703","8","3","4140"
"B64AA80F-8E23-4105-A57E-3D0CCEF3E51D","","884","9101-Gr8 Times Bowling Club II","10/29/2018 0:00","01/28/2019 0:00","9","9101","1","3","4115"
"B73D0E8F-1E81-4619-AE88-642A56106410","","526","5105-Waterville School Practic","10/22/2018 0:00","02/18/2019 0:00","7.95","5105","1","3","4125"
"B869871C-8750-4EA0-9315-28DA8D16BE9D","","852","5109-Middlesex High School GMC","10/29/2018 0:00","04/12/2019 0:00","3.2","5109","1","1","4125"
"B869871C-8750-4EA0-9315-28DA8D16BE9D","","852","5109-Middlesex High School GMC","10/29/2018 0:00","04/12/2019 0:00","3.2","5109","2","1","4125"
"B869871C-8750-4EA0-9315-28DA8D16BE9D","","852","5109-Middlesex High School GMC","10/29/2018 0:00","04/12/2019 0:00","3.2","5109","3","1","4125"
"B869871C-8750-4EA0-9315-28DA8D16BE9D","","852","5109-Middlesex High School GMC","10/29/2018 0:00","04/12/2019 0:00","3.2","5109","4","1","4125"
"B869871C-8750-4EA0-9315-28DA8D16BE9D","","852","5109-Middlesex High School GMC","10/29/2018 0:00","04/12/2019 0:00","3.2","5109","5","1","4125"
"B8C119A5-5D6E-4DDD-B7B9-860683B01095","","523","5104-It's Your Choice League","10/22/2018 0:00","02/18/2019 0:00","12","5104","1","3","4115"
"B8D2169C-A54A-4F45-884B-913098F70D5F","","183","7712-LIUSBC Junior No-Tap","10/28/2018 0:00","12/02/2018 0:00","9","9997712","8","3","4140"
"B8D9A99C-3339-4303-B748-F4C3540423D5","","504","5701-Fun Lovers 18-19","08/26/2018 0:00","05/12/2019 0:00","10.5","5701","7","3","4115"
"B91BC59F-C7F3-4B35-BB7A-C0FBAAFA5E11","","287","5102-Brighton High School","10/23/2018 0:00","03/11/2019 0:00","1.95","5102","1","4","4125"
"B91BC59F-C7F3-4B35-BB7A-C0FBAAFA5E11","","287","5102-Brighton High School","10/23/2018 0:00","03/11/2019 0:00","1.95","5102","2","4","4125"
"B91BC59F-C7F3-4B35-BB7A-C0FBAAFA5E11","","287","5102-Brighton High School","10/23/2018 0:00","03/11/2019 0:00","1.95","5102","3","4","4125"
"B91BC59F-C7F3-4B35-BB7A-C0FBAAFA5E11","","287","5102-Brighton High School","10/23/2018 0:00","03/11/2019 0:00","1.95","5102","4","4","4125"
"B95D3801-77D9-46E0-AA3C-3B8F270A544C","","833","7692-Denver USBC Open Masters","09/29/2018 0:00","12/02/2018 0:00","2.25","9997692","8","1","4140"
"B9B70F01-FB5B-426F-AFE7-7E48414D0D26","","211","5104-Village Hylanders","08/13/2018 0:00","05/20/2019 0:00","11.75","5104","1","3","4115"
"B9E86D6F-80F5-42D0-B1D0-9642224D8CF4","","291","7610-Conference High School To","10/27/2018 0:00","12/01/2018 0:00","0.01","9997610","8","3","4140"
"BA093BCB-648A-4AEF-BBB4-7FB8DD8C8A01","","403","5400-Heatherwood Fall 18 - 19","11/01/2018 0:00","03/28/2019 0:00","8.75","5400","4","3","4130"
"BA505DD2-95F8-448E-BC2F-8A68C530A6E2","","89","7616-AISD Match Play","10/20/2018 0:00","02/02/2019 0:00","1.95","9997616","8","3","4140"
"BA768288-620C-40FD-B0F9-59115538EAB9","","312","5400-Cascade Lakes","09/27/2018 0:00","04/25/2019 0:00","9.5","5400","4","3","4115"
"BBC993FD-66F6-49B6-A949-13096CD81F8C","","884","5201-Talloowwood Isle","10/23/2018 0:00","05/07/2019 0:00","7.25","5201","2","3","4130"
"BBD20E56-29A1-4E7A-89FF-4F7D78BF15F5","","513","5307-Hackers","09/05/2018 0:00","06/19/2019 0:00","10","5307","1","3","4115"
"BBD20E56-29A1-4E7A-89FF-4F7D78BF15F5","","513","5307-Hackers","09/05/2018 0:00","06/19/2019 0:00","10","5307","3","3","4115"
"BC0D25BA-1276-4764-A062-A668A4CC630D","","312","5300-High Point 5","09/12/2018 0:00","05/08/2019 0:00","9.5","5300","3","3","4130"
"BD3E560A-0EB3-4E78-B169-8BD233FA97F0","","203","5406-Tropic Isles","10/18/2018 0:00","03/21/2019 0:00","11.5","5406","4","3","4130"
"BE0DECFB-D08A-410D-8C4B-D45971418CCD","","311","5301-Early Risers II Fall 2018","08/22/2018 0:00","05/15/2019 0:00","9.75","5301","3","3","4115"
"BE2F47B5-6670-42F8-AC63-CF147C31F0CA","","829","7749-Elks Travel League","10/28/2018 0:00","12/09/2018 0:00","7.5","9997749","8","3","4140"
"BE9F255D-45F8-466B-AFFA-D037DF6EEEEC","","102","9400-High 5 Jersey League","10/25/2018 0:00","01/24/2019 0:00","15","9400","4","3","4115"
"BF07D1F2-E032-4104-B296-81E8BAA8EE38","","349","5401-Thursday Nite Owls Fall","08/23/2018 0:00","05/09/2019 0:00","11.5","5401","4","3","4115"
"C009B530-6CE1-4BD1-938D-A2D567B1F0A2","","849","5303-WEST END GANG SENIORS 18-","08/08/2018 0:00","05/08/2019 0:00","8.5","5303","3","3","4115"
"C00B4712-7DF3-48CD-A15F-59C10D9C29E0","","212","5503-Bowling for fun (5503)","10/26/2018 0:00","05/24/2019 0:00","7.5","5503","5","3","4115"
"C035834A-E9D0-46A0-BEFF-78A298842025","","342","9700-Lights Out Bowling Club","10/28/2018 0:00","01/13/2019 0:00","13","9700","7","3","4115"
"C1811CB0-438D-47FD-BC26-C84DBFC826A0","","108","7707-Veterans Day Tournament","10/28/2018 0:00","11/26/2018 0:00","3","9997707","8","1","4140"
"C32B2F56-48A4-46D6-9D6B-11B9EDF2C810","","564","7625-EFW Bowl for Education","10/20/2018 0:00","11/24/2018 0:00","5","9997625","8","3","4140"
"C37D9AE3-7AF3-49E8-964D-5F4C88051E01","","230","7622-Underground Bowling UBA","10/20/2018 0:00","12/01/2018 0:00","11.25","9997622","8","3","4140"
"C37FE153-A85F-4931-BF2C-514E0B2817F7","","282","7639-open tournament","10/27/2018 0:00","12/02/2018 0:00","9.75","9997639","8","3","4140"
"C4089628-CE64-4F88-8FF7-343BFB553142","","398","5301-Wednesday Morning Trio Fa","08/22/2018 0:00","06/05/2019 0:00","8.25","5301","3","3","4115"
"C451ABD0-713A-43DD-AD78-8B222B722AEA","","349","5403-Lost in the 50's","10/11/2018 0:00","03/28/2019 0:00","11","5403","4","3","4115"
"C45CECC0-2E3A-40F2-8B4D-A5702D5B5C19","","615","5300-Southern Belle Fall 2018","08/15/2018 0:00","04/24/2019 0:00","10.5","5300","3","3","4115"
"C47ED24D-F4D0-40AF-8BEB-6E8F8C979192","","814","5500-UP A CREEK","08/24/2018 0:00","05/17/2019 0:00","13.5","5500","5","3","4115"
"C48467CA-0851-43C3-B136-ACE0DA0CE5FF","","533","5602-Youth League with 2019 su","10/20/2018 0:00","06/15/2019 0:00","8.79","5602","6","3","4125"
"C49AA556-5ECC-41AC-8A35-981B1D46CBE6","","70","7708-All Star Girls practice","10/14/2018 0:00","11/18/2018 0:00","12","9997708","8","6","4140"
"C4F10F79-C9B5-4F42-BA56-2220D6BD83B8","","250","5404-High School League Scratc","10/25/2018 0:00","02/14/2019 0:00","5.9","5404","2","4","4125"
"C4F10F79-C9B5-4F42-BA56-2220D6BD83B8","","250","5404-High School League Scratc","10/25/2018 0:00","02/14/2019 0:00","5.9","5404","4","4","4125"
"C6032D30-D78A-455A-84D1-018CF50E7707","","616","7633-Prov Hospital Cancer Cent","10/27/2018 0:00","12/08/2018 0:00","7","9997633","8","2","4140"
"C67A69AE-3B6E-449D-84D2-10319F129807","","384","5500-Good Life Bowlers","10/25/2018 0:00","04/05/2019 0:00","7.65","5500","5","3","4130"
"C69A7A25-33DD-46EA-8BB6-A128519C677E","","357","5402-HEW Mixed","08/16/2018 0:00","05/16/2019 0:00","13.4","5402","4","3","4115"
"C7179F1B-5F54-4C77-B38D-38EBC9C3EFEC","","852","5404-East Brunswick High Schoo","11/01/2018 0:00","03/20/2019 0:00","3.2","5404","1","1","4125"
"C7179F1B-5F54-4C77-B38D-38EBC9C3EFEC","","852","5404-East Brunswick High Schoo","11/01/2018 0:00","03/20/2019 0:00","3.2","5404","2","1","4125"
"C7179F1B-5F54-4C77-B38D-38EBC9C3EFEC","","852","5404-East Brunswick High Schoo","11/01/2018 0:00","03/20/2019 0:00","3.2","5404","3","1","4125"
"C74674D9-0132-4634-947B-E5050BBA8036","","852","5112-Sayreville High School GM","10/29/2018 0:00","04/12/2019 0:00","3.2","5112","1","1","4125"
"C74674D9-0132-4634-947B-E5050BBA8036","","852","5112-Sayreville High School GM","10/29/2018 0:00","04/12/2019 0:00","3.2","5112","2","1","4125"
"C74674D9-0132-4634-947B-E5050BBA8036","","852","5112-Sayreville High School GM","10/29/2018 0:00","04/12/2019 0:00","3.2","5112","3","1","4125"
"C74674D9-0132-4634-947B-E5050BBA8036","","852","5112-Sayreville High School GM","10/29/2018 0:00","04/12/2019 0:00","3.2","5112","4","1","4125"
"C74674D9-0132-4634-947B-E5050BBA8036","","852","5112-Sayreville High School GM","10/29/2018 0:00","04/12/2019 0:00","3.2","5112","5","1","4125"
"C77F9197-4E6D-4C5D-A1E7-8FF6003C5B23","","203","5407-Villa Del Sol","10/25/2018 0:00","04/04/2019 0:00","11.5","5407","4","3","4130"
"C85D993F-46DB-41A0-9A54-531E90A78BB3","","205","5400-Circlewoods","10/18/2018 0:00","04/11/2019 0:00","10.1","5400","4","3","4130"
"C8A68D42-9BB4-4987-BCFA-F3CB2B6EFB20","","855","5305-Special Olympics","10/24/2018 0:00","01/23/2019 0:00","6","5305","3","3","4115"
"C8BB111C-FCEE-438F-894D-1CEB0010A56E","","207","5406-Ladies Nite Out","08/09/2018 0:00","04/11/2019 0:00","12.75","5406","4","3","4115"
"C92297B2-981D-4C96-811A-EDFC7C6EAF9A","","852","5108-St. Joseph's High School ","10/29/2018 0:00","04/12/2019 0:00","3.2","5108","1","1","4125"
"C92297B2-981D-4C96-811A-EDFC7C6EAF9A","","852","5108-St. Joseph's High School ","10/29/2018 0:00","04/12/2019 0:00","3.2","5108","2","1","4125"
"C92297B2-981D-4C96-811A-EDFC7C6EAF9A","","852","5108-St. Joseph's High School ","10/29/2018 0:00","04/12/2019 0:00","3.2","5108","3","1","4125"
"C92297B2-981D-4C96-811A-EDFC7C6EAF9A","","852","5108-St. Joseph's High School ","10/29/2018 0:00","04/12/2019 0:00","3.2","5108","4","1","4125"
"C92297B2-981D-4C96-811A-EDFC7C6EAF9A","","852","5108-St. Joseph's High School ","10/29/2018 0:00","04/12/2019 0:00","3.2","5108","5","1","4125"
"C92E46FB-1A3A-4C89-99A5-1C7C28E0B939","","206","7724-Ocala Bowling Club 8/9 Pi","10/21/2018 0:00","11/25/2018 0:00","9","9997724","8","3","4140"
"C975E950-F1CF-41E3-A04B-3A6B366152A4","","883","7665-Hidden Creek 2018","10/27/2018 0:00","12/01/2018 0:00","8","9997665","8","4","4140"
"CA06C221-3342-42F4-8B90-2C79FBDEBBF8","","572","5407-A Family Affair","10/04/2018 0:00","10/24/2019 0:00","5","5407","4","2","4115"
"CA0D2B0B-7176-4B84-A622-77661291264B","","892","5602-Division II 18-19","08/25/2018 0:00","04/27/2019 0:00","8.25","5602","6","3","4125"
"CAE0DAA5-177E-4400-A0CD-F524A3535923","","243","9300-9's No-Tap Bowling Club I","08/22/2018 0:00","11/28/2018 0:00","9","9300","3","3","4115"
"CAF8FF8C-1CE9-4F62-9811-F0D83EC4AA3D","","885","7753-Bowlers Mart Youth Tourna","10/14/2018 0:00","11/18/2018 0:00","8.25","9997753","8","3","4140"
"CAFB1546-8DC1-4E37-BAE2-0F476ED60B96","","126","9301-Lights Out Bowling Club I","10/31/2018 0:00","01/16/2019 0:00","9","9301","3","3","4115"
"CB39FEF0-D67C-45D3-85C1-6070E457EF82","","402","7623-FL Senior Womens Singles/","10/20/2018 0:00","11/24/2018 0:00","8","9997623","8","3","4140"
"CB574B93-0561-4DBB-B16D-8B4FBF27FA9A","","256","9300-High 5 Jersey League","10/31/2018 0:00","01/30/2019 0:00","15","9300","3","3","4115"
"CB5A3159-0788-43C5-9A39-1B224CFDEBFE","","215","5400-Thursday Seniors","08/23/2018 0:00","05/09/2019 0:00","8","5400","4","3","4130"
"CB8803B5-95C6-4B78-BF74-7D644C0713A4","","830","5201-NCAR Mixed Bowling League","08/21/2018 0:00","03/26/2019 0:00","11.6","5201","2","3","4115"
"CBB12037-D0F3-4680-A667-6DCD03C51C2A","","207","5509-T.G.I.F Mixed League","08/24/2018 0:00","04/26/2019 0:00","12.75","5509","5","3","4115"
"CDC20CE6-0EAF-42C1-BE77-19A6F6441EB2","","880","9200-Gr8er Times Bowling Club","10/16/2018 0:00","01/01/2019 0:00","11","9200","2","3","4115"
"CDDDAFB7-BF12-4763-AF90-E0B654E905DF","","883","9200-Senior Drop-In Club","08/21/2018 0:00","12/04/2018 0:00","9","9200","2","3","4115"
"CE5A478D-12ED-47A2-B71C-415400D1CF13","","226","7611-USBC Senior","10/27/2018 0:00","12/09/2018 0:00","6.75","9997611","8","3","4140"
"CE64C0C9-B208-408C-AF05-7FC27E028E2E","","340","9601-Emoji Bowling Club II","10/27/2018 0:00","02/09/2019 0:00","15","9601","6","3","4125"
"CEB0E212-1269-43EB-8E42-3038D7B6F686","","203","5200-Golf Lakes","10/30/2018 0:00","04/09/2019 0:00","11.5","5200","2","3","4130"
"CF48F873-A34A-4D8F-BE19-713192EE637B","","509","5502-Fright Night Fridays","10/26/2018 0:00","02/15/2019 0:00","20","5502","5","3","4115"
"CF77FD9C-15A2-4175-8CF7-5D731140F8A4","","844","5104-Hersey High School Girls","10/29/2018 0:00","03/04/2019 0:00","1.5","5104","1","3","4125"
"CF77FD9C-15A2-4175-8CF7-5D731140F8A4","","844","5104-Hersey High School Girls","10/29/2018 0:00","03/04/2019 0:00","1.5","5104","2","3","4125"
"CF77FD9C-15A2-4175-8CF7-5D731140F8A4","","844","5104-Hersey High School Girls","10/29/2018 0:00","03/04/2019 0:00","1.5","5104","3","3","4125"
"CF77FD9C-15A2-4175-8CF7-5D731140F8A4","","844","5104-Hersey High School Girls","10/29/2018 0:00","03/04/2019 0:00","1.5","5104","4","3","4125"
"CF77FD9C-15A2-4175-8CF7-5D731140F8A4","","844","5104-Hersey High School Girls","10/29/2018 0:00","03/04/2019 0:00","1.5","5104","5","3","4125"
"CFB3889E-7CBF-4868-AAB4-D5A4940A4F8F","","829","5205-Overland 2A Watson","10/23/2018 0:00","12/17/2018 0:00","5","5205","1","2","4125"
"CFB3889E-7CBF-4868-AAB4-D5A4940A4F8F","","829","5205-Overland 2A Watson","10/23/2018 0:00","12/17/2018 0:00","5","5205","2","2","4125"
"CFB3889E-7CBF-4868-AAB4-D5A4940A4F8F","","829","5205-Overland 2A Watson","10/23/2018 0:00","12/17/2018 0:00","5","5205","3","2","4125"
"CFB3889E-7CBF-4868-AAB4-D5A4940A4F8F","","829","5205-Overland 2A Watson","10/23/2018 0:00","12/17/2018 0:00","5","5205","4","2","4125"
"CFB3889E-7CBF-4868-AAB4-D5A4940A4F8F","","829","5205-Overland 2A Watson","10/23/2018 0:00","12/17/2018 0:00","5","5205","5","2","4125"
"CFF52385-CC25-4AEA-990C-6E3CAC44386A","","885","7757-Space Coast Mixed Travel","10/28/2018 0:00","12/02/2018 0:00","12","9997757","8","4","4140"
"D019629F-E529-44E8-A86C-A2F75135682B","","867","7676-Special Olympics","10/20/2018 0:00","11/30/2018 0:00","2.5","9997676","8","2","4140"
"D03A6666-2951-49F4-9DC2-B06356872B3A","","44","5302-Burns and Mac 2018","10/24/2018 0:00","03/20/2019 0:00","11.75","5302","3","3","4115"
"D12D7C70-608F-436D-A574-363B3162AD30","","430","7619-Denver Shootout 2018","07/28/2018 0:00","11/11/2018 0:00","9","9997619","8","3","4140"
"D14D52BE-9867-45ED-84FA-D7CA41094635","","881","7134-Senior Winter Games","10/22/2018 0:00","12/10/2018 0:00","10.5","9997134","8","3","4140"
"D2015380-AAC7-4504-B199-FF869EA36A9D","","239","5304-Korg Bowling League","10/03/2018 0:00","04/10/2019 0:00","14","5304","3","3","4115"
"D281E699-692D-45CA-BDC9-C497F032FFA5","","203","5500-Leisure Lakes","10/19/2018 0:00","03/15/2019 0:00","11.5","5500","5","3","4130"
"D3128082-3B5C-4EA0-955B-C459A922DE44","","838","5303-SKOKIE MEN","08/15/2018 0:00","04/24/2019 0:00","13.5","5303","3","3","4115"
"D37C7261-3C75-4610-9629-53A9FA4E3490","","824","7799-CAA Youth Tournament","10/21/2018 0:00","12/02/2018 0:00","7.5","9997799","8","3","4140"
"D3DBBCCA-4C83-4206-8BF7-28A0507B605E","","801","5601-Marietta Youth Practice","08/04/2018 0:00","05/04/2019 0:00","7.5","5601","6","3","4115"
"D4260FF9-04EC-42CD-A99D-491442C69239","","312","5305-The Grove","08/29/2018 0:00","04/24/2019 0:00","9.5","5305","3","3","4115"
"D6496BCE-5FAD-4656-85A4-1D7F87F3E4D1","","868","5403-Thursday Turkeys","08/23/2018 0:00","04/25/2019 0:00","13.5","5403","4","3","4115"
"D74D15BC-CACF-4162-B948-C343CF718ABF","","852","5412-Carteret High School GMC","11/01/2018 0:00","03/20/2019 0:00","3.2","5412","1","1","4125"
"D74D15BC-CACF-4162-B948-C343CF718ABF","","852","5412-Carteret High School GMC","11/01/2018 0:00","03/20/2019 0:00","3.2","5412","2","1","4125"
"D74D15BC-CACF-4162-B948-C343CF718ABF","","852","5412-Carteret High School GMC","11/01/2018 0:00","03/20/2019 0:00","3.2","5412","3","1","4125"
"D83D499A-3163-4224-B8A1-CD0924429683","","868","7400-Thanksgiving Turkey Shoot","09/27/2018 0:00","01/17/2019 0:00","10","9997400","8","3","4140"
"D8773F2D-CE92-4226-9F2C-1563777E4FB8","","887","5200-MIXED SUNDOWNERS","08/07/2018 0:00","05/21/2019 0:00","12.1","5200","2","3","4115"
"D88373C4-5C27-4EC4-8D3B-1970DEF69BCA","","108","6101-Sr. Lunch & Bowl","04/13/2015 0:00","08/24/2015 0:00","10","6101","1","3","4115"
"D8BF18A5-05CC-48E8-BFE7-AA08E3FD5A22","","846","5204-Glenbard East Boys","10/02/2018 0:00","02/25/2019 0:00","15","5204","1","1","4125"
"D8BF18A5-05CC-48E8-BFE7-AA08E3FD5A22","","846","5204-Glenbard East Boys","10/02/2018 0:00","02/25/2019 0:00","15","5204","2","1","4125"
"D8BF18A5-05CC-48E8-BFE7-AA08E3FD5A22","","846","5204-Glenbard East Boys","10/02/2018 0:00","02/25/2019 0:00","15","5204","3","1","4125"
"D8BF18A5-05CC-48E8-BFE7-AA08E3FD5A22","","846","5204-Glenbard East Boys","10/02/2018 0:00","02/25/2019 0:00","15","5204","4","1","4125"
"D8BF18A5-05CC-48E8-BFE7-AA08E3FD5A22","","846","5204-Glenbard East Boys","10/02/2018 0:00","02/25/2019 0:00","15","5204","5","1","4125"
"DAE0C4D4-5703-4C38-853F-24A13FA4CFF7","","425","9101-Gr8er Times Bowling Club","10/29/2018 0:00","02/11/2019 0:00","11","9101","1","3","4115"
"DAE1675C-8B5A-4CB8-89FA-1852D182D429","","148","5303-Pins 'n' Poker Fall '18","09/05/2018 0:00","02/27/2019 0:00","13.5","5303","3","3","4115"
"DB267E23-0E18-4F49-9E69-DB331C40CF6B","","250","5302-Victory Ladies 2018","08/22/2018 0:00","05/15/2019 0:00","11.65","5302","3","3","4115"
"DC0BABAC-75A2-4BAC-BF21-14C8EA0E2DCA","","602","5300-Newcomers Fall-2018-19","08/08/2018 0:00","05/08/2019 0:00","9","5300","3","3","4115"
"DD00FEAE-9A2C-4B1B-91F0-DE2C13E70333","","357","5301-Lizzie's Kids","08/22/2018 0:00","05/15/2019 0:00","9.5","5301","3","3","4115"
"DD6AEB37-D6FE-457F-A21C-608635BF721F","","844","5200-GBN Open Practice","09/18/2018 0:00","03/19/2019 0:00","5","5200","2","2","4125"
"DD80DFBB-DE46-4D6C-9DA1-C4790EBBD40A","","840","5302-Gere Marie","10/24/2018 0:00","03/27/2019 0:00","10.5","5302","3","3","4115"
"DD881E33-1007-4241-9677-3EC3AE63AC20","","894","7690-PSDT League","10/27/2018 0:00","12/01/2018 0:00","15.5","9997690","8","6","4140"
"DD8D1560-AA43-4D7C-BFE4-35F3233F4279","","229","5304-Free Beer & Gear League S","10/24/2018 0:00","03/06/2019 0:00","8","5304","3","3","4115"
"DE16936D-62E9-4DA1-903F-96F80D772895","","844","5100-UOP","09/03/2018 0:00","05/06/2019 0:00","12","5100","1","3","4115"
"DE6CD530-18F5-4D3D-8B27-806CE1B5A1D8","","360","7503-BOWIE STATE","10/26/2018 0:00","02/03/2019 0:00","3.5","9997503","8","3","4140"
"DEFAAC3C-A198-4471-8790-06E232B37DBB","","842","5403-Hinsdale South Boys - Mat","10/25/2018 0:00","02/11/2019 0:00","2.75","5403","1","1","4125"
"DEFAAC3C-A198-4471-8790-06E232B37DBB","","842","5403-Hinsdale South Boys - Mat","10/25/2018 0:00","02/11/2019 0:00","2.75","5403","2","1","4125"
"DEFAAC3C-A198-4471-8790-06E232B37DBB","","842","5403-Hinsdale South Boys - Mat","10/25/2018 0:00","02/11/2019 0:00","2.75","5403","3","1","4125"
"DEFAAC3C-A198-4471-8790-06E232B37DBB","","842","5403-Hinsdale South Boys - Mat","10/25/2018 0:00","02/11/2019 0:00","2.75","5403","4","1","4125"
"E0051D63-2846-4DC7-ADD7-6D42BE3F9750","","865","7745-Strike Force Tournament","10/21/2018 0:00","12/02/2018 0:00","2.75","9997745","8","3","4140"
"E0486F06-BD38-4847-B508-A2ADB2A0D0E1","","207","5506-Queen Of Peace","08/24/2018 0:00","04/12/2019 0:00","11","5506","5","3","4130"
"E0F469D7-E841-45A0-A402-31ECFAA0AA2F","","517","5202-Altercare","09/04/2018 0:00","04/09/2019 0:00","9.45","5202","2","3","4115"
"E1622B5C-E1B9-4641-A808-3717F1E44010","","384","5101-Greenfield Village","10/22/2018 0:00","03/25/2019 0:00","7.5","5101","1","3","4130"
"E1A04889-8746-443C-8389-071C1C1C9BDD","","291","7612-Metro South Conference To","10/20/2018 0:00","11/24/2018 0:00","0.01","9997612","8","3","4140"
"E365100F-6A6A-4EAC-B548-B2068CD82D76","","64","5501-YOUNG AT HEART FALL 2018","08/10/2018 0:00","05/31/2019 0:00","8.5","5501","5","3","4115"
"E3701418-F1FF-47AB-AD13-475DEDB16B98","","836","7697-NWGA USBC All-Stars Tourn","10/27/2018 0:00","12/02/2018 0:00","2.5","9997697","8","1","4140"
"E4FFD65D-5E35-4F20-9B2B-D7BD51813E0E","","883","5600-SATURDAY MOONLIGHTERS","08/11/2018 0:00","05/11/2019 0:00","12.75","5600","6","3","4115"
"E581C5E0-EDBD-460F-B70B-14DCE633B802","","512","7604-Bowling for boobs","10/13/2018 0:00","11/24/2018 0:00","1","9997604","8","3","4140"
"E5C358B1-F5C2-483B-8CA0-AD58CFCC72FC","","865","7746-Jr Gold Scratch Tournamen","10/28/2018 0:00","12/02/2018 0:00","2.96","9997746","8","1","4140"
"E6536E14-ECCB-4D40-9CC7-3BB5B11E6D63","","868","5204-Elk's Wives & Friends","08/21/2018 0:00","05/07/2019 0:00","8.35","5204","2","3","4130"
"E6E33186-9AE9-42E5-85F3-CC060A470333","","280","9201-High 5 Jersey League","10/23/2018 0:00","02/05/2019 0:00","15","9201","2","3","4115"
"E723E2BB-52E2-4EFC-B83F-E3FE24A31282","","873","5701-Ladies Club","07/29/2018 0:00","01/27/2019 0:00","10","5701","7","4","4115"
"E75DC752-1773-4604-9870-C6D532ECEADB","","207","5600-Junior Varsity","08/25/2018 0:00","04/13/2019 0:00","9.75","5600","6","3","4125"
"E7772ED9-ABB2-43D3-AC0E-4C6B7F3188F7","","829","5108-Overland 3B Miller","10/22/2018 0:00","12/18/2018 0:00","5","5108","1","2","4125"
"E7772ED9-ABB2-43D3-AC0E-4C6B7F3188F7","","829","5108-Overland 3B Miller","10/22/2018 0:00","12/18/2018 0:00","5","5108","2","2","4125"
"E7772ED9-ABB2-43D3-AC0E-4C6B7F3188F7","","829","5108-Overland 3B Miller","10/22/2018 0:00","12/18/2018 0:00","5","5108","3","2","4125"
"E7772ED9-ABB2-43D3-AC0E-4C6B7F3188F7","","829","5108-Overland 3B Miller","10/22/2018 0:00","12/18/2018 0:00","5","5108","4","2","4125"
"E7772ED9-ABB2-43D3-AC0E-4C6B7F3188F7","","829","5108-Overland 3B Miller","10/22/2018 0:00","12/18/2018 0:00","5","5108","5","2","4125"
"E79D50B4-2E70-416F-85B9-B5BC21B78BB4","","583","3205-Special Olympics-Tuesday","09/19/2017 0:00","11/07/2018 0:00","2","3205","2","1","4125"
"E81DFEC7-4912-4D18-9298-F9B7AD6D9B5A","","207","9101-Lights Out Bowling Club","10/01/2018 0:00","12/17/2018 0:00","11","9101","1","3","4115"
"E919BF4F-A964-4F88-8596-03CCCCA837A3","","883","7769-LDUSBC Trios Tournament 1","10/28/2018 0:00","12/02/2018 0:00","9","9997769","8","3","4140"
"E960D5F7-7074-425A-9F16-8D00E5801C18","","883","7662-Lower De USBC Trios Tourn","10/27/2018 0:00","12/01/2018 0:00","9","9997662","8","3","4140"
"E9E8D0B2-2441-4615-8DD9-7DD472D4280D","","830","5601-SATURDAY JUNIORS","08/25/2018 0:00","04/27/2019 0:00","9","5601","6","3","4125"
"EAD15CD7-2021-4814-B018-603600BE4BC0","","870","9103-High 5 Jersey League","10/22/2018 0:00","02/04/2019 0:00","15","9103","1","3","4115"
"EC1A9A78-084D-494E-B413-DA29CD68F4C4","","855","5101-Monday Senior Fun Day Fal","08/27/2018 0:00","06/10/2019 0:00","7","5101","1","3","4130"
"EC66B01D-2A98-430E-8443-311244E00E7C","","883","7278-Senior Olympics","10/02/2018 0:00","11/08/2018 0:00","6.75","9997278","8","3","4140"
"ED92861C-4791-4A5A-AF3A-378570C07087","","852","5305-WEDNESDAY PINSMASHERS","08/22/2018 0:00","05/22/2019 0:00","14.5","5305","3","3","4115"
"EDB0EE4A-FCC5-493B-A71A-30A861E982E2","","852","5405-South Brunswick High Scho","11/01/2018 0:00","03/20/2019 0:00","3.2","5405","1","1","4125"
"EDB0EE4A-FCC5-493B-A71A-30A861E982E2","","852","5405-South Brunswick High Scho","11/01/2018 0:00","03/20/2019 0:00","3.2","5405","2","1","4125"
"EDB0EE4A-FCC5-493B-A71A-30A861E982E2","","852","5405-South Brunswick High Scho","11/01/2018 0:00","03/20/2019 0:00","3.2","5405","3","1","4125"
"EDB0EE4A-FCC5-493B-A71A-30A861E982E2","","852","5405-South Brunswick High Scho","11/01/2018 0:00","03/20/2019 0:00","3.2","5405","4","1","4125"
"EDB0EE4A-FCC5-493B-A71A-30A861E982E2","","852","5405-South Brunswick High Scho","11/01/2018 0:00","03/20/2019 0:00","3.2","5405","5","1","4125"
"EDDDA232-DDCC-4AD9-A976-F6376384566A","","883","5602-USBC JUNIOR VARSITY","08/11/2018 0:00","04/20/2019 0:00","9","5602","6","3","4125"
"EE94926C-D4DD-447A-BFC7-DFB75AC5C150","","513","7712-NEBA - Sunday","10/21/2018 0:00","11/25/2018 0:00","2","9997712","8","1","4140"
"EEC3F1A4-F7A0-401F-A614-11761F3A0928","","229","5404-Thursday Nite Mens","08/23/2018 0:00","05/16/2019 0:00","12.8","5404","4","3","4115"
"EFA6E15D-54F7-412E-BF1D-CF0548A0301B","","414","7106-TCISD Special Olympics 20","09/10/2018 0:00","02/18/2019 0:00","1","9997106","8","1","4140"
"F0588902-F8AA-4AED-9AE5-C1CDC3051694","","242","5405-Roslyn Middle School","10/18/2018 0:00","03/19/2019 0:00","3.75","5405","2","1","4125"
"F0588902-F8AA-4AED-9AE5-C1CDC3051694","","242","5405-Roslyn Middle School","10/18/2018 0:00","03/19/2019 0:00","3.75","5405","4","1","4125"
"F09C7241-FDF5-4A17-82D9-7B5A66C99F01","","832","7650-Women's City Championship","10/27/2018 0:00","12/02/2018 0:00","2.75","9997650","8","1","4140"
"F0B4B4A4-F1C7-4A34-8DA2-17830C71E9F1","","821","5300-PSPS Mixed","08/22/2018 0:00","04/24/2019 0:00","12.6","5300","3","3","4115"
"F0C41D56-B18D-4A63-AA90-AC3858A72BFB","","516","7619-Youth Travel Rochester US","09/29/2018 0:00","11/03/2018 0:00","8.5","9997619","8","3","4140"
"F12B1D3B-B89A-4FA4-B346-CDB531B608B5","","276","5304-Tulsa Social Sports Wedne","10/24/2018 0:00","01/02/2019 0:00","5","5304","3","2","4115"
"F1377E3D-72F2-46E5-8DBF-FE3413EAA98D","","584","5100-9's Enough No-Tap","08/27/2018 0:00","12/31/2018 0:00","13","5100","1","3","4115"
"F149DD62-E18D-4AB5-843C-1DA1CCA07D42","","883","5402-THURSDAY NIGHT MIXED","08/16/2018 0:00","04/25/2019 0:00","12.75","5402","4","3","4115"
"F18D82FF-A4B9-4E92-9097-591594D943BB","","869","7740-GREAT OAKS","10/14/2018 0:00","12/09/2018 0:00","10","9997740","8","2","4140"
"F1F56E88-906F-4CC6-8152-6EB21909338A","","291","5106-Bachmanns 2018-9","10/22/2018 0:00","04/08/2019 0:00","10","5106","1","3","4115"
"F27F5AA1-FB22-4DB8-A8A2-F267C50D5D8D","","312","5301-High Rollers","08/22/2018 0:00","06/05/2019 0:00","11","5301","3","3","4115"
"F38411BA-992B-49DC-8E46-3035BF18678E","","615","5204-Citronelle High School Te","10/02/2018 0:00","03/13/2019 0:00","4","5204","2","2","4125"
"F38411BA-992B-49DC-8E46-3035BF18678E","","615","5204-Citronelle High School Te","10/02/2018 0:00","03/13/2019 0:00","4","5204","3","2","4125"
"F3CEA0ED-08B8-4B89-B584-EB41D73402B9","","886","7690-Interstate Travel Lg 11-1","10/27/2018 0:00","12/01/2018 0:00","10","9997690","8","4","4140"
"F3E16984-E443-4060-8886-EE3D6ECDDFDA","","888","7654-UBA Tour Stop","10/20/2018 0:00","11/24/2018 0:00","10.5","9997654","8","3","4140"
"F53B3756-2053-4479-9B5B-0695DAC81D3C","","292","7627-Bo Know's","10/13/2018 0:00","11/17/2018 0:00","8","9997627","8","4","4140"
"F70F362F-8DB4-43BD-B6D1-ACC8FA10CF67","","248","5104-St. Mark RZUA Church","10/01/2018 0:00","12/31/2018 0:00","12","5104","1","3","4115"
"F78660F9-57D6-47B3-907C-4C2A5F7DAFAF","","827","6601-THE STRIKERS","07/21/2018 0:00","11/10/2018 0:00","8","6601","6","2","4125"
"F7AAA367-B56E-40BC-B1FA-6AFC90FFB363","","548","7738-Wantagh Travel Scholarshi","09/30/2018 0:00","02/17/2019 0:00","9.75","9997738","8","3","4140"
"F873AB6A-FAEF-4B5A-9432-1683F26E3EAE","","534","5702-Sunday 8-Week Shootout","10/14/2018 0:00","12/30/2018 0:00","10","5702","7","3","4115"
"FA32F74C-D419-4C13-95D3-A5B913D11952","","211","7709-Special Olympics","10/28/2018 0:00","12/09/2018 0:00","1","9997709","8","1","4140"
"FA3B9FAF-9CC4-4B4C-A2B4-2B01918B2590","","138","5300-Wed Nite Mixers Fall 2018","08/22/2018 0:00","05/01/2019 0:00","13.5","5300","3","3","4115"
"FB07FE78-9D98-4DFF-B10A-EA1FAAEB77D6","","801","5600-Marietta Adult Practice","07/28/2018 0:00","05/04/2019 0:00","7.5","5600","6","3","4115"
"FBCADB33-2340-4105-B262-B766517DAE29","","145","7711-UBA TOURNAMENT","10/21/2018 0:00","11/25/2018 0:00","2.75","9997711","8","3","4140"
"FD401EFF-8CF8-4D91-82AE-FE239101CD32","","349","5201-Tuesday Early Mixed Fall","08/21/2018 0:00","05/14/2019 0:00","12.75","5201","2","3","4115"
"FD5B1CEE-C5E8-4057-9046-DA539FEA102F","","868","5302-Wednesday Golden Girls","08/15/2018 0:00","04/24/2019 0:00","8","5302","3","3","4130"
"FE34A4C8-BE98-4558-9AF6-F7FD200726DA","","138","5401-Porter Practice Fall 2018","11/01/2018 0:00","02/14/2019 0:00","10","5401","4","3","4115"
"FEBAEDB1-C29F-4A7C-A474-B36DE1442FCF","","307","5104-Pins & Pizza Club","10/29/2018 0:00","02/25/2019 0:00","15","5104","1","3","4115"
"FF02A1E7-EFA9-4799-B317-B4308ADEC8B4","","856","7551-Elyria Senior Tournament","10/12/2018 0:00","11/25/2018 0:00","10","9997551","8","3","4140"
"FF15084A-B150-48FA-A42A-3B0D89C2B97C","","384","5203-Palm Gardens","10/23/2018 0:00","04/02/2019 0:00","7.5","5203","2","3","4130"
"FF6C7FC9-1EB9-43EC-A760-913B8B374595","","887","5400-DIXIE CLASSIC","07/26/2018 0:00","05/09/2019 0:00","10.75","5400","4","3","4115"
